score,ticker,name,sector,price,marketCap,returnOnEquity,revenueGrowth,profitMargins,freeCashflow,debtToEquity,currentRatio,pegRatio,forwardPE,trailingPE,priceToBook,targetMeanPrice,dividendYield,beta
81,MU,"Micron Technology, Inc.",Technology,1035.84,1169870553088,0.8826,3.793,0.63796,29214251008,3.743,3.314,0.16,5.020248,13.935692,11.610603,1555.1304,0.06,2.226
80,DECK,Deckers Outdoor Corporation,Consumer Cyclical,82.56,11243173888,0.42558,0.057,0.18361,871420352,20.521,2.747,0.98,9.916379,11.67751,4.9043603,120.40909,0.0,1.121
80,FSLR,"First Solar, Inc.",Technology,178.85,19220973568,0.18509,-0.037,0.32465,1598684800,1.88,2.518,0.34,7.7043033,11.026511,1.8624195,274.47134,0.0,1.794
79,NBIX,"Neurocrine Biosciences, Inc.",Healthcare,141.25,14357947392,0.22089,0.395,0.20910999,638237504,12.497,1.872,0.29,11.892364,20.711143,3.8854046,207.29414,0.0,0.4
79,RDDT,"Reddit, Inc.",Communication Services,156.47,30104283136,0.30712,0.611,0.31348,678068736,0.635,10.486,0.76,16.151758,36.38837,9.158862,213.70909,0.0,2.053
77,AVGO,Broadcom Inc.,Technology,360.14,1719175217152,0.44245,0.855,0.42944,30596499456,59.604,2.504,0.37,18.569834,45.994892,17.246433,531.3149,0.69,1.476
77,FIS,"Fidelity National Information Services, Inc.",Technology,34.34,17709340672,0.22348,0.291,0.27648002,2653125120,132.51,0.535,0.18,5.137081,5.2749615,1.1048551,49.20833,5.2,0.828
77,HLNE,Hamilton Lane Incorporated,Financial Services,85.66,5741110784,0.32416,0.565,0.32141998,231402752,21.558,4.111,,11.631665,13.057927,3.9062428,129.375,2.82,1.245
77,PATH,"UiPath, Inc.",Technology,13.25,6905309184,0.20027,0.134,0.21031,474257632,4.093,2.387,0.41,14.387474,19.77612,3.5427806,15.49882,0.0,1.01
76,APP,AppLovin Corporation,Communication Services,280.12,94103379968,2.03686,0.528,0.64575994,3179956224,111.13,4.3,0.61,13.482001,21.53113,29.6926,490.07773,0.0,2.557
76,INTU,Intuit Inc.,Technology,303.88,81207681024,0.23596,0.137,0.21289,6353625088,44.34,1.507,0.94,11.223464,18.461727,4.294274,405.6,1.86,1.009
76,NXPI,NXP Semiconductors N.V.,Technology,231.07,58267578368,0.27921,0.195,0.22564,3555000064,93.325,2.04,0.47,12.741723,19.732708,5.113639,306.72415,1.72,1.811
74,CDE,"Coeur Mining, Inc.",Basic Materials,16.87,17341263872,0.12848,1.259,0.26817,796743616,6.851,3.654,3.75,8.497414,14.418805,1.6668314,23.95455,0.24,1.371
74,CF,"CF Industries Holdings, Inc.",Basic Materials,113.58,17188984832,0.29867,0.176,0.27122,1276749952,40.504,4.86,0.49,10.253457,8.425817,2.9954903,127.686,2.1,0.527
74,NVDA,NVIDIA Corporation,Technology,230.48,5565400481792,1.17211,1.059,0.63663,41809874944,16.971,4.589,0.29,14.482299,29.1378,24.304544,328.71695,0.42,2.216
73,ALB,Albemarle Corporation,Basic Materials,102.1,12048316416,0.02648,0.311,0.03795,1334340224,18.976,2.086,0.79,9.039823,378.14813,1.4983857,168.564,1.6,1.359
73,CRUS,"Cirrus Logic, Inc.",Technology,113.2,5673307648,0.20903999,0.129,0.21004999,450997248,5.96,7.583,9.35,12.718815,13.821734,2.6085353,165.0,0.0,1.166
73,HIG,"The Hartford Insurance Group, Inc.",Financial Services,129.48,35072503808,0.22061001,0.081,0.1489,5507500032,22.33,1.772,0.12,9.443298,9.163482,1.8223529,148.0,1.89,0.493
73,JAZZ,Jazz Pharmaceuticals plc,Healthcare,222.45,14440247296,0.22114,0.155,0.20445,1429392896,91.828,1.779,0.96,8.582397,15.246744,3.0020244,294.36365,0.0,0.369
72,BLK,"BlackRock, Inc.",Financial Services,1065.35,173094010880,0.122779995,0.306,0.24089001,7578124800,23.192,2.447,0.9,16.615244,25.499043,2.8661246,1314.3529,2.14,1.421
72,FHI,"Federated Hermes, Inc.",Financial Services,55.95,4177242624,0.31137,0.183,0.21295999,371463872,32.354,2.592,1.36,9.597357,10.418995,3.1905797,60.14286,2.58,0.639
72,FNF,"Fidelity National Financial, Inc.",Financial Services,39.77,10666029056,0.102110006,0.105,0.05029,3589125120,54.297,0.94,0.85,7.2012405,13.809028,1.4300612,57.8,5.33,0.988
72,GNTX,Gentex Corporation,Consumer Cyclical,21.15,4455952384,0.16354999,-0.01,0.15499,356785760,0.441,3.038,0.62,9.651143,11.190476,1.7557696,27.27778,2.28,0.85
72,LOPE,"Grand Canyon Education, Inc.",Consumer Defensive,160.3,4178225408,0.30979002,0.067,0.19632,205755248,15.565,2.818,0.91,14.173298,19.40678,6.2018805,194.0,0.0,0.58
72,MTG,MGIC Investment Corporation,Financial Services,27.87,5716829184,0.13923,-0.029,0.59204,518861888,12.903,4.964,0.4,8.000965,8.709375,1.1485206,31.4,2.51,0.667
72,SNDK,Sandisk Corporation,Technology,1609.46,232611332096,0.9164,3.716,0.56465,7720875008,1.277,2.29,,6.1083426,21.820227,15.239511,2173.0,0.0,
71,ADBE,Adobe Inc.,Technology,241.05,93816659968,0.61902,0.129,0.28048,9345125376,57.693,0.77,0.56,8.710568,13.4589615,8.011766,275.06375,0.0,1.415
71,ALL,The Allstate Corporation,Financial Services,230.63,58316632064,0.46113998,0.118,0.18971,15158625280,22.261,0.363,1.65,8.244167,4.6144457,1.8481301,270.54544,1.93,0.138
71,PRI,"Primerica, Inc.",Financial Services,275.39,8475774976,0.32966,0.087,0.22839001,1038982144,71.521,3.73,1.07,10.135812,11.05984,3.3726459,324.5,1.76,0.88
70,BSX,Boston Scientific Corporation,Healthcare,42.04,60925612032,0.15338999,0.075,0.17499,2451375104,50.151,1.24,0.58,12.429853,17.020243,2.4396472,59.89655,0.0,0.575
70,PINS,"Pinterest, Inc.",Communication Services,20.53,11626406912,0.06461,0.182,0.054640003,1196440960,41.35,3.81,0.26,8.547045,60.382355,4.0121164,29.05029,0.0,0.897
70,TRU,TransUnion,Financial Services,64.59,12375443456,0.15626,0.149,0.15077,808625024,113.212,1.9,0.87,11.646231,17.042215,2.5553885,92.2381,0.8,1.576
69,AA,Alcoa Corporation,Basic Materials,42.83,11303241728,0.18226999,0.314,0.09388,960750016,29.918,1.535,8.36,7.292919,8.9043665,1.5336962,62.225,0.94,1.739
69,EOG,"EOG Resources, Inc.",Energy,148.51,77897826304,0.22507,0.587,0.25733,4478750208,25.891,1.851,1.27,9.681768,11.557198,2.449205,164.0,2.83,0.371
69,INCY,Incyte Corporation,Healthcare,112.75,22854170624,0.30667,0.377,0.27706,1180664576,0.603,4.593,10.82,12.888866,14.363057,3.5716548,129.125,0.0,0.739
69,LULU,lululemon athletica inc.,Consumer Cyclical,92.68,10260604928,0.30898002,-0.043,0.12782,1148515840,44.689,2.19,0.93,10.675845,7.6279836,2.160373,104.91111,0.0,0.922
69,MLI,"Mueller Industries, Inc.",Industrials,60.49,13379262464,0.26325,0.255,0.18247,524939744,0.691,4.775,3.41,13.810502,15.7526045,3.7711968,80.0,1.16,1.09
69,NEM,Newmont Corporation,Basic Materials,115.55,121754148864,0.25905,0.151,0.33363998,8815875072,15.807,2.546,2.78,11.393734,14.571249,3.4720554,137.33333,0.92,0.53
69,STX,Seagate Technology Holdings plc,Technology,774.825,176189784064,3.7152898,0.485,0.26108998,1943750016,179.88,1.67,0.46,13.993236,55.74281,81.09105,1144.3478,0.37,2.081
68,CART,Maplebear Inc.,Consumer Cyclical,46.3,10988536832,0.16001,0.141,0.120459996,917875008,1.348,2.279,1.84,9.454787,25.300545,4.646728,58.21429,0.0,0.871
68,NFLX,"Netflix, Inc.",Communication Services,71.57,298013163520,0.49541,0.134,0.28219,25387552768,55.236,1.142,1.19,18.801456,22.506289,9.883994,92.54889,0.0,1.613
68,SIGI,"Selective Insurance Group, Inc.",Financial Services,85.13,5071118848,0.14152999,0.045,0.090959996,1355778304,24.596,0.318,0.28,9.683492,10.562034,1.4643754,101.85714,2.05,0.254
68,STRL,"Sterling Infrastructure, Inc.",Industrials,518.41,15857392640,0.40005,0.901,0.12549,349384384,24.222,1.107,0.66,20.404821,37.349422,11.722367,836.5714,0.0,1.857
67,AMG,"Affiliated Managers Group, Inc.",Financial Services,386.99,10007534592,0.24257,0.299,0.37719002,277175008,76.096,101.314,0.63,9.038228,13.559565,3.3119662,440.42856,0.01,1.073
67,AR,Antero Resources Corporation,Energy,36.06,11086251008,0.14216,0.126,0.18746,391220736,55.493,0.401,0.41,8.218504,10.362069,1.3376364,49.14286,0.0,0.544
67,CINF,Cincinnati Financial Corporation,Financial Services,165.25,25362247680,0.21484,0.316,0.23843001,2984875008,5.255,1.151,2.19,18.24026,7.8021717,1.5205609,191.0,2.33,0.528
67,DOCS,"Doximity, Inc.",Healthcare,29.38,5236867072,0.17206,0.073,0.25481,239703872,1.056,6.078,0.59,18.869137,34.564705,5.7675695,29.66667,0.0,1.216
67,ESNT,Essent Group Ltd.,Financial Services,63.59,5715246592,0.12009,0.136,0.51452,690249472,8.757,1.791,,7.9900384,8.868898,1.0091568,74.85714,2.26,0.762
67,HL,Hecla Mining Company,Basic Materials,16.73,11238685696,0.22173999,0.524,0.19150999,342344736,0.802,5.197,5.64,16.203388,21.727272,4.19719,23.075,0.09,1.373
67,KNSL,"Kinsale Capital Group, Inc.",Financial Services,339.65,7736691712,0.30268,0.168,0.28492,982102720,11.033,0.194,1.0,15.659701,13.778905,3.801598,350.55557,0.3,0.871
66,CSL,Carlisle Companies Incorporated,Industrials,321.25,12758164480,0.39183,0.083,0.14214,669737472,178.698,2.6,0.88,13.382879,18.263218,7.887694,410.375,1.57,0.833
66,CTSH,Cognizant Technology Solutions Corporation,Technology,60.01,27031156736,0.14924,0.045,0.10258,2215500032,14.479,2.182,0.83,9.466852,12.9053755,1.8755469,65.904,2.31,0.851
66,EXE,Expand Energy Corporation,Energy,88.86,20571426816,0.14893,-0.106,0.2197,1466249984,19.207,0.959,0.81,10.700738,7.6603446,1.0728645,123.22222,2.61,0.395
66,GLPI,"Gaming and Leisure Properties, Inc.",Real Estate,38.26,11458916352,0.19354999,0.09,0.58529,506751744,155.719,24.29,,11.4942875,11.187134,2.2335086,51.65217,8.68,0.677
66,GMED,"Globus Medical, Inc.",Healthcare,73.33,9845427200,0.118140005,0.059,0.17025,554194880,2.347,4.622,1.49,13.584183,18.802565,2.0644708,100.92308,0.0,0.959
66,PNR,Pentair plc,Industrials,52.3,8347079680,0.17126,-0.17,0.16237,558312512,47.067,1.451,0.83,10.019157,13.479381,2.2268586,75.33333,2.07,1.031
66,TEL,TE Connectivity plc,Technology,214.31,62045577216,0.23290001,0.138,0.15609,2336875008,43.441,1.876,0.92,16.591545,20.990206,4.691036,250.73685,1.45,1.14
65,ALGN,"Align Technology, Inc.",Healthcare,141.03,10018750464,0.10155,0.043,0.09991,594111360,2.855,1.395,0.59,11.300807,24.526957,2.3739626,201.7143,0.0,1.673
65,AOS,A. O. Smith Corporation,Industrials,56.56,7686989312,0.27133,-0.007,0.13149,484612512,36.766,1.594,1.31,13.841339,15.754875,4.173554,69.90909,2.6,1.11
65,DUOL,"Duolingo, Inc.",Technology,151.22,7045811200,0.3442,0.183,0.35875,300198016,6.11,2.719,,19.7969,17.95962,5.0119314,134.2911,0.0,1.05
65,EXLS,"ExlService Holdings, Inc.",Technology,36.87,5589952512,0.25944,0.156,0.11174,262332752,56.585,1.244,0.92,14.1970415,23.335442,6.4582233,44.625,0.0,0.839
65,FCN,"FTI Consulting, Inc.",Industrials,140.5,3879426304,0.15634,0.053,0.06443,289741120,95.02,2.028,0.96,12.929444,16.92771,2.8582473,165.5,0.0,-0.063
65,FIVE,"Five Below, Inc.",Consumer Cyclical,209.73,11546482688,0.28250998,0.229,0.11652,367360512,82.332,2.222,0.98,18.957787,18.79301,4.6632576,310.4762,0.0,0.943
65,G,Genpact Limited,Technology,34.67,5797760000,0.22447,0.071,0.11098,479428736,54.308,1.996,1.16,7.680447,10.318452,2.2364855,42.18182,2.23,0.578
65,MSA,MSA Safety Incorporated,Industrials,178.1,6870793216,0.2366,0.062,0.16133,316457248,45.911,3.236,0.99,17.871801,22.151743,4.917716,209.14285,1.2,0.914
65,NXST,"Nexstar Media Group, Inc.",Communication Services,162.11,4994333696,0.07434,0.622,0.03199,800625024,533.79,1.562,0.27,6.956388,30.70265,2.2048583,246.75,4.71,0.928
65,REGN,"Regeneron Pharmaceuticals, Inc.",Healthcare,739.57,76142428160,0.14043,0.167,0.27865,3065299968,8.535,3.335,1.27,12.0307865,18.288082,2.3395896,859.03845,0.51,0.153
65,SPXC,"SPX Technologies, Inc.",Industrials,168.58,8443474432,0.14684,0.229,0.11265001,234024992,26.175,1.825,0.96,17.295631,29.731922,3.5949929,257.35715,0.0,1.241
65,TOL,"Toll Brothers, Inc.",Consumer Cyclical,134.83,12424179712,0.14393,-0.097,0.111379996,557737472,34.101,4.502,0.86,9.761597,10.864626,1.4598943,170.88235,0.78,1.301
65,TROW,"T. Rowe Price Group, Inc.",Financial Services,104.23,22233913344,0.19399999,0.107,0.29262,2023912448,3.702,4.039,2.15,10.176306,10.46486,2.0207837,107.07692,5.0,1.471
65,YETI,"YETI Holdings, Inc.",Consumer Cyclical,39.6,2890356480,0.25320998,0.085,0.09236,127417000,41.515,1.751,1.27,11.817226,17.368422,4.741947,54.93333,0.0,1.679
64,ACGL,Arch Capital Group Ltd.,Financial Services,96.08,32785295360,0.19936001,-0.105,0.24396999,4302125056,17.836,0.589,1.05,9.822996,7.5179973,1.4063643,111.34211,0.0,0.256
64,ADSK,"Autodesk, Inc.",Technology,233.6,48822403072,0.53854,0.161,0.21078,3157499904,109.518,0.855,0.79,16.45141,30.298315,14.431334,307.54147,0.0,1.327
64,AMP,"Ameriprise Financial, Inc.",Financial Services,499.08,44085342208,0.63432,0.116,0.199,2903124992,67.578,2.182,1.38,9.645491,12.049252,6.9341707,569.0,1.39,1.156
64,BRO,"Brown & Brown, Inc.",Financial Services,63.75,21331410944,0.10023,0.324,0.18084998,1642749952,63.975,1.127,1.51,13.208329,20.110409,1.6719118,74.64706,1.07,0.593
64,CELH,"Celsius Holdings, Inc.",Consumer Defensive,27.4,6933159936,0.05113,0.106,0.04237,349633984,22.802,1.798,0.25,15.861713,119.13043,5.7866945,42.19048,0.0,1.003
64,CPRT,"Copart, Inc.",Industrials,27.48,25455560704,0.1616,0.024,0.31809,885121728,0.97,7.912,2.62,15.697295,17.729033,2.7980857,39.0,0.0,1.058
64,ENS,EnerSys,Industrials,179.31,6466855424,0.18363,0.048,0.09292,614659776,56.108,2.795,0.96,12.472871,19.198072,3.3051317,249.48,0.63,1.185
64,FAF,First American Financial Corporation,Financial Services,62.81,6412901376,0.13846,0.15,0.09333,2337762560,49.421,0.396,2.98,8.645561,8.699447,1.1398033,86.33333,3.98,1.259
64,MRVL,"Marvell Technology, Inc.",Technology,274.66,246838214656,0.16523,0.365,0.27934998,2408049920,28.525,3.168,0.95,37.713673,90.34869,13.202269,337.9938,0.08,2.26
64,OLED,Universal Display Corporation,Technology,72.9,3350982400,0.115159996,-0.114,0.32243,111837128,1.288,8.498,1.0,15.311267,17.608696,2.0013728,113.81778,2.59,1.529
64,PEGA,Pegasystems Inc.,Technology,35.49,5834731520,0.54693,0.094,0.18662001,507401984,12.851,1.059,2.99,13.647325,20.050848,10.407625,41.42857,0.35,0.889
64,PHM,"PulteGroup, Inc.",Consumer Cyclical,113.53,21625915392,0.14901,-0.096,0.1162,1078512896,19.065,7.272,0.94,10.383398,11.584694,1.6372236,137.58824,0.93,1.164
64,QCOM,QUALCOMM Incorporated,Technology,176.01,187950415872,0.33754003,-0.04,0.21013,10241000448,55.21,2.016,0.79,17.2491,20.371527,6.726411,194.13333,2.08,1.651
64,SEIC,SEI Investments Company,Financial Services,103.25,12391981056,0.27587998,0.147,0.28847998,377482240,2.383,5.059,1.74,14.8144,18.209877,4.9556036,117.5,1.02,0.973
63,APA,APA Corporation,Energy,45.47,15930483712,0.26659,0.092,0.19564,2146749952,48.854,0.946,1.18,9.906751,9.613108,2.271002,46.4,2.28,0.421
63,BHF,"Brighthouse Financial, Inc.",Financial Services,48.99,2817491712,0.13535,0.867,0.12154,19879124992,178.382,0.774,,2.432473,3.8696685,0.43012547,65.0,0.0,0.83
63,CRH,CRH plc,Basic Materials,81.88,54473490432,0.15812,0.056,0.099350005,2019124992,77.592,1.579,1.47,12.777438,14.466431,2.2685208,129.21042,1.92,1.191
63,CSGP,"CoStar Group, Inc.",Real Estate,29.81,12078940160,0.00894,0.184,0.02081,412700000,14.537,2.214,0.1,16.773952,165.6111,1.5213065,37.35,0.0,0.796
63,EEFT,"Euronet Worldwide, Inc.",Technology,63.66,2381112832,0.22371,0.032,0.06593,311637504,225.391,1.371,0.41,5.3445272,10.120827,1.935778,84.66667,0.0,0.844
63,EME,"EMCOR Group, Inc.",Industrials,778.24,34328088576,0.40348998,0.198,0.07738,978281600,13.432,1.277,0.32,21.177181,24.229141,8.440872,1033.2858,0.2,1.119
63,HWM,Howmet Aerospace Inc.,Industrials,222.56,88757239808,0.34732,0.241,0.20522,1189874944,81.368,1.818,0.8,34.431225,47.96552,15.531054,331.5,0.25,1.204
63,INGR,Ingredion Incorporated,Consumer Defensive,95.11,5998014976,0.13693,0.009,0.082049996,457249984,39.412,2.798,1.08,8.444614,10.349294,1.3265734,120.83333,3.52,0.64
63,JLL,Jones Lang LaSalle Incorporated,Real Estate,303.14,13946776576,0.13520001,0.108,0.03642,1500125056,42.352,1.126,0.61,10.646541,14.539089,1.8691002,427.0,0.0,1.3
63,LII,Lennox International Inc.,Industrials,361.54,12495067136,0.71757007,0.03,0.14871,277737504,156.082,1.569,0.91,13.896395,15.940917,9.631821,472.64285,1.52,1.163
63,MCHP,Microchip Technology Incorporated,Technology,75.52,41008017408,0.0719,0.38,0.0934,1364762496,83.688,1.921,0.23,16.47631,111.058815,6.356902,107.84,2.33,1.759
63,NXT,Nextpower Inc.,Technology,85.26,13099206656,0.27224,0.082,0.16364,324051264,1.502,2.689,3.15,14.768879,22.03101,5.0566397,137.10715,0.0,1.94
63,ON,ON Semiconductor Corporation,Technology,79.41,30915792896,0.08312,0.092,0.10168,1656649984,65.055,3.464,0.18,17.534447,51.23226,4.282479,104.46154,0.0,2.052
63,ORI,Old Republic International Corporation,Financial Services,38.55,9307239424,0.18571,0.134,0.11715,1418687488,37.518,0.294,1.39,11.681818,8.472527,1.5224518,43.5,3.34,0.587
63,RLI,RLI Corp.,Financial Services,56.3,5166817792,0.25164,0.152,0.22219,316104256,18.189,1.06,1.73,20.885036,11.82773,2.9488792,59.0,1.3,0.315
63,RMD,ResMed Inc.,Healthcare,226.73,31887136768,0.24269,0.086,0.26945,939248256,12.542,3.1,1.31,17.137411,21.738255,4.9660506,250.22295,1.17,0.75
63,SNA,Snap-on Incorporated,Industrials,358.88,18563829760,0.17932,0.042,0.19597,1109474944,21.595,3.433,1.84,16.71319,18.291538,3.072445,414.8889,2.71,0.7
63,SYK,Stryker Corporation,Healthcare,276.97,106238230528,0.16508,0.094,0.14433,4108875008,64.391,2.157,1.29,16.585785,28.701555,4.4288273,366.15384,1.28,0.781
63,ULS,UL Solutions Inc.,Industrials,70.65,14264105984,0.38712,0.052,0.16083999,420500000,29.383,1.425,1.37,27.15835,28.487904,8.943038,96.48333,0.86,0.707
62,ALSN,"Allison Transmission Holdings, Inc.",Consumer Cyclical,109.11,9010089984,0.28349,0.924,0.120170005,211000000,211.925,1.807,0.51,9.693342,17.346582,4.557644,140.45454,1.05,0.981
62,ALV,"Autoliv, Inc.",Consumer Cyclical,111.03,8131528192,0.25858,0.033,0.05804,742124992,87.525,1.029,0.85,9.523719,13.093161,3.2656841,134.3125,3.15,1.397
62,AYI,Acuity Inc.,Industrials,300.43,8993536000,0.18645,0.029,0.11446,621512512,23.448,1.695,1.61,12.901372,17.620527,3.0262096,375.16666,0.27,1.299
62,BDC,Belden Inc.,Technology,107.94,4218100224,0.18643999,0.116,0.08522,99734624,97.069,2.135,1.05,10.756439,17.55122,3.038595,153.2,0.18,1.128
62,CNX,CNX Resources Corporation,Energy,33.83,5004933120,0.21249,-0.181,0.44368,437116736,49.137,0.716,1.93,8.84544,5.4741106,1.0408912,37.63636,0.0,0.687
62,CRM,"Salesforce, Inc.",Technology,227.8,187479408640,0.19381,0.108,0.2199,17731874816,110.417,0.839,0.8,14.219104,20.84172,4.8850574,283.36075,0.78,1.256
62,DLB,"Dolby Laboratories, Inc.",Industrials,58.45,5474940928,0.08758,-0.033,0.16700001,331846016,1.83,3.185,1.29,12.762009,24.872341,2.118598,79.0,2.47,0.776
62,FIX,"Comfort Systems USA, Inc.",Industrials,1706.39,60055248896,0.55292,0.503,0.12775,1841915392,11.498,1.214,0.58,28.355486,41.987946,18.638885,2197.0,0.21,1.659
62,GEN,Gen Digital Inc.,Technology,22.75,13617854464,0.41944,0.063,0.20732,1547124992,307.831,0.466,1.15,6.8749814,13.304093,5.1308074,32.55556,2.23,1.257
62,GOOG,Alphabet Inc.,Communication Services,344.86,4217615155200,0.48676,0.242,0.54771,22665000960,18.859,2.724,1.24,22.881536,17.303562,6.775778,420.36,0.25,1.211
62,GOOGL,Alphabet Inc.,Communication Services,348.29,4259564224512,0.48676,0.242,0.54771,22665000960,18.859,2.724,1.25,23.10912,17.475664,6.8431706,429.47406,0.25,1.211
62,MDT,Medtronic plc,Healthcare,87.75,112244350976,0.106479995,0.137,0.13934,5412499968,55.365,2.067,1.54,13.679837,21.560196,2.2361245,104.44,3.37,0.567
62,MPWR,"Monolithic Power Systems, Inc.",Technology,1369.8,67316084736,0.21979,0.476,0.24500999,444316128,0.486,4.975,1.07,39.164715,83.32117,17.280401,1839.8,0.56,1.681
62,PYPL,"PayPal Holdings, Inc.",Financial Services,55.02,47067455488,0.24497,0.048,0.14364,4423124992,71.751,1.288,0.97,9.519954,10.400756,2.3929021,56.88594,1.02,1.28
62,RGA,"Reinsurance Group of America, Incorporated",Financial Services,255.93,16712654848,0.11687,0.185,0.05807,9836499968,41.418,1.166,1.14,8.56882,11.2694845,1.2202541,277.55557,1.56,0.451
62,RMBS,Rambus Inc.,Technology,108.47,11764830208,0.17789,0.204,0.3169,202302368,1.487,9.754,3.8,29.148808,49.756878,8.021742,141.57143,0.0,1.847
61,AIG,"American International Group, Inc.",Financial Services,77.05,40288919552,0.0722,0.005,0.11089,7365000192,22.466,0.612,0.64,8.766361,14.111722,0.99565816,88.2,2.64,0.528
61,CHRD,Chord Energy Corporation,Energy,142.34,7785694720,0.10312,0.841,0.14236,961228032,17.982,1.221,,8.5255375,9.682993,0.9401088,174.4375,3.82,0.473
61,CVX,Chevron Corporation,Energy,211.55,414977196032,0.12231,0.535,0.09834,21934000128,18.959,1.252,0.9,14.43382,20.360924,2.1854339,225.25,3.47,0.523
61,EXPE,"Expedia Group, Inc.",Consumer Cyclical,270.13,32421564416,0.89489,0.14,0.12968001,3434374912,230.271,0.801,0.68,11.00759,16.87258,26.811913,336.14285,0.74,1.362
61,HSY,The Hershey Company,Consumer Defensive,162.54,32658456576,0.32808998,0.066,0.12242,1743636352,129.821,1.18,0.81,16.48701,22.204916,7.1575146,203.14285,3.62,0.089
61,IDCC,"InterDigital, Inc.",Technology,328.3,8472112128,0.26403,-0.134,0.38323003,600847744,33.401,1.743,1.32,28.332254,38.352802,7.047333,462.66666,0.91,1.418
61,KEYS,"Keysight Technologies, Inc.",Technology,374.67,63785603072,0.20897,0.365,0.19143,1867124992,42.094,2.024,0.76,27.009922,50.699596,9.710251,418.0,0.0,1.177
61,LRCX,Lam Research Corporation,Technology,320.59,401194123264,0.65066004,0.3,0.31272,3090484480,33.049,2.629,1.53,27.251438,55.65798,32.165146,375.64517,0.4,1.854
61,OSK,Oshkosh Corporation,Industrials,127.35,7862556672,0.12387,0.067,0.05243,734037504,24.359,1.718,6.3,9.049719,14.587629,1.7395877,166.42587,1.77,1.26
61,PODD,Insulet Corporation,Healthcare,134.47,9326059520,0.26016,0.235,0.12291,236900000,66.685,2.485,1.06,17.393543,25.181648,6.5572734,170.95651,0.0,1.101
61,ROP,"Roper Technologies, Inc.",Technology,364.23,36022665216,0.13066,0.085,0.30244,2265687552,60.531,0.553,1.41,14.940306,15.17625,1.9262971,439.42856,1.02,0.751
61,SARO,"StandardAero, Inc.",Industrials,20.33,6727591936,0.12302,0.046,0.051220004,369616000,93.207,2.135,0.52,11.539662,20.958763,2.4002361,34.02857,0.0,0.91
61,SSD,"Simpson Manufacturing Co., Inc.",Basic Materials,171.95,7047315456,0.18722,0.063,0.15645,446386496,21.084,3.288,3.8,17.708548,18.79235,3.3139322,219.0,0.7,1.318
61,TMUS,"T-Mobile US, Inc.",Communication Services,171.31,183759372288,0.17994,0.079,0.11455,11335999488,214.035,0.924,0.59,11.865939,17.900732,3.2725224,241.24,2.79,0.317
60,ADI,"Analog Devices, Inc.",Technology,405.93,196699652096,0.12227,0.396,0.29787,4147339008,27.314,1.25,0.61,24.830378,48.210213,5.862736,470.71875,1.07,1.231
60,AJG,Arthur J. Gallagher & Co.,Financial Services,234.05,59996610560,0.06722,0.309,0.10378,2082300032,59.401,1.053,0.67,15.809735,38.814262,2.529286,284.16666,1.23,0.547
60,AMAT,"Applied Materials, Inc.",Technology,509.57,404393459712,0.41068,0.248,0.30052,3075375104,28.666,2.423,1.03,27.581255,43.96635,15.780558,638.94446,0.41,1.591
60,APTV,Aptiv PLC,Consumer Cyclical,44.21,9179468800,0.05158,0.023,0.010720001,1615874944,64.938,2.018,0.95,6.79059,43.772278,1.0524186,65.77778,0.0,1.365
60,BCO,The Brink's Company,Industrials,102.36,4215290112,0.46236,0.071,0.033,391237504,1029.747,1.62,1.16,9.886675,23.74942,13.582803,146.33333,1.0,0.963
60,CBOE,"Cboe Global Markets, Inc.",Financial Services,294.08,30711072768,0.26297,0.229,0.26734,678249984,28.09,1.565,2.49,19.354982,22.921278,5.46546,313.8,1.22,0.414
60,CCK,"Crown Holdings, Inc.",Consumer Cyclical,108.88,11841844224,0.27367002,0.165,0.05914,853875008,186.334,1.049,0.64,12.025823,15.666187,4.0829487,134.92857,1.22,0.56
60,COO,"The Cooper Companies, Inc.",Healthcare,54.3,10325432320,0.06838,0.006,0.1346,542649984,33.634,1.222,0.51,11.571631,18.659794,1.239443,65.8,0.0,0.825
60,COP,ConocoPhillips,Energy,134.19,161207484416,0.1418,0.355,0.144,7691375104,35.639,1.542,1.1,13.873482,17.77351,2.466864,147.73077,2.59,0.244
60,CROX,"Crocs, Inc.",Consumer Cyclical,116.84,5601902592,0.42299998,0.026,0.14635,533888736,121.993,1.49,1.39,7.8170943,10.24014,4.0617394,138.25,0.0,1.557
60,DINO,HF Sinclair Corporation,Energy,120.72,21462067200,0.19504999,0.532,0.06132,2035624960,32.261,1.971,1.23,9.162162,11.497143,2.08674,106.46667,1.82,0.709
60,EQT,EQT Corporation,Energy,52.94,33114818560,0.11078,-0.039,0.29176,2460903936,19.595,0.673,1.53,14.038568,12.283063,1.3110125,67.19231,1.26,0.652
60,EXEL,"Exelixis, Inc.",Healthcare,59.02,14624075776,0.44393003,0.106,0.35331002,739715136,8.999,3.456,2.56,13.916529,18.618296,7.9670625,54.46667,0.0,0.466
60,HUBS,"HubSpot, Inc.",Technology,231.84,11868053504,0.07892,0.198,0.042579997,666651008,14.3,1.378,0.27,13.766429,82.8,6.9490156,248.774,0.0,1.235
60,LDOS,"Leidos Holdings, Inc.",Technology,119.22,14961181696,0.27781,0.072,0.07803,1146625024,123.276,1.629,2.46,9.3503685,11.131653,2.8314254,152.06667,1.51,0.59
60,MKSI,MKS Inc.,Technology,260.38,17606260736,0.15845999,0.283,0.10099,480375008,140.094,1.144,1.32,14.752625,41.395866,5.890817,410.85715,0.37,2.025
60,NDAQ,"Nasdaq, Inc.",Financial Services,92.37,51632738304,0.16521999,0.149,0.35037,1691500032,77.687,1.006,1.46,19.742031,26.930029,4.3303175,109.0625,1.26,0.998
60,RRC,Range Resources Corporation,Energy,40.77,9527113728,0.19475001,0.086,0.26308,454483360,21.589,0.649,1.0,10.38287,11.262431,2.0231242,45.56522,1.0,0.712
60,SPGI,S&P Global Inc.,Financial Services,402.73,118724804608,0.14255,0.104,0.30536,5448249856,42.98,0.954,1.89,19.94495,24.51187,3.7689393,518.5238,0.98,1.095
60,STE,STERIS plc,Healthcare,210.76,20549122048,0.11389,0.073,0.13333,798862528,28.312,1.906,1.75,17.208958,25.76528,2.8513832,263.125,1.23,0.925
60,THG,"The Hanover Insurance Group, Inc.",Financial Services,221.93,7727651328,0.21885,0.043,0.1117,1081224960,22.982,0.36,0.34,11.317184,10.623743,2.1090193,237.0,1.75,0.246
60,TXT,Textron Inc.,Industrials,73.22,12592881664,0.12126,0.03,0.06125,452750016,52.285,1.861,0.85,10.129503,13.789078,1.5630938,100.6,0.11,0.908
60,UBER,"Uber Technologies, Inc.",Technology,70.24,143469412352,0.3716,0.122,0.17345,7244749824,51.872,0.843,5.84,15.8870535,15.403508,5.2457056,100.85522,0.0,1.265
60,XYL,Xylem Inc.,Industrials,101.99,23813320704,0.09182999,0.015,0.111549996,1183750016,28.642,1.613,1.24,16.382067,24.283335,2.1640143,151.3125,1.69,0.991
59,ABNB,"Airbnb, Inc.",Consumer Cyclical,163.23,97739784192,0.34542,0.165,0.2045,3206874880,32.004,1.408,1.38,26.381203,37.18223,12.348135,183.5641,0.0,1.244
59,ACN,Accenture plc,Technology,208.36,127504252928,0.26025,0.062,0.11279,11181248512,40.283,1.427,1.87,13.101057,15.365781,3.9339187,223.65459,3.48,1.102
59,APPF,"AppFolio, Inc.",Technology,197.45,6993084928,0.3209,0.193,0.15134,198919872,6.799,3.831,7.45,23.418966,44.977222,13.290926,238.53625,0.0,0.892
59,BMRN,BioMarin Pharmaceutical Inc.,Healthcare,54.89,10625263616,0.011820001,0.199,0.02142,85157376,66.473,2.387,0.32,8.278647,148.35135,1.6804432,91.61538,0.0,0.215
59,CNM,"Core & Main, Inc.",Industrials,40.37,7445984256,0.23561001,0.025,0.05963,477000000,130.656,2.468,1.43,11.528093,16.613169,3.6660006,54.53846,0.0,0.913
59,CRS,Carpenter Technology Corporation,Industrials,387.1,19184121856,0.25752002,0.126,0.16958,238787504,32.658,3.81,1.59,24.376022,36.796577,8.620421,612.125,0.2,1.289
59,FICO,Fair Isaac Corporation,Technology,707.43,15278815232,,0.257,0.3405,774413504,,1.183,0.64,14.0925455,20.48147,-3.729027,1113.4722,0.0,1.341
59,GDDY,GoDaddy Inc.,Technology,103.19,13068776448,4.42861,0.066,0.17834999,1204950016,57334.33,0.632,0.53,9.357515,15.355656,1946.9812,106.75,0.0,0.94
59,GL,Globe Life Inc.,Financial Services,166.08,12763156480,0.20944999,0.08,0.19577,1163503360,55.675,0.795,1.3,10.066528,11.020571,2.0788584,192.90909,0.81,0.439
59,GGG,Graco Inc.,Industrials,78.37,12692321280,0.21240999,0.033,0.23533002,536623264,2.07,2.992,2.31,22.41987,24.644655,5.031136,91.28571,1.52,0.882
59,GPN,Global Payments Inc.,Industrials,82.77,21902462976,0.02428,0.686,-0.091529995,7867763200,98.273,0.825,0.2,5.165641,38.85915,0.95199203,104.93548,1.23,0.805
59,HQY,"HealthEquity, Inc.",Healthcare,93.05,7696658432,0.11434,0.076,0.17362,397510624,48.792,2.993,1.13,16.917843,33.59206,3.8764374,119.33333,0.0,0.242
59,HRB,"H&R Block, Inc.",Consumer Cyclical,44.59,5461965824,7.13542,0.03,0.18594,624796864,1789.419,1.133,0.55,6.4436417,7.8365555,47.135307,51.66667,4.26,0.393
59,KBR,"KBR, Inc.",Industrials,35.18,4435063808,0.27531,0.016,0.054899998,281500000,170.402,1.148,0.54,8.654644,10.564565,2.7109501,44.28571,1.95,0.472
59,KLAC,KLA Corporation,Technology,196.72,256720879616,0.87496,0.152,0.35574,2624587520,96.88,2.876,1.88,29.337593,53.748634,40.494034,232.76923,0.47,1.447
59,META,"Meta Platforms, Inc.",Communication Services,720.89,1836471812096,0.29848,0.28,0.29834998,21553625088,42.997,2.226,0.95,20.867945,27.162395,7.0317016,799.34,0.29,1.185
59,OXY,Occidental Petroleum Corporation,Energy,60.28,60258140160,0.10629,0.534,0.30318,3788124928,34.511,1.411,1.16,14.752164,17.125,1.8010695,68.36,1.92,0.245
59,PLTR,Palantir Technologies Inc.,Technology,198.78,477679943680,0.38097,0.928,0.49005002,2159104512,2.139,7.228,1.68,84.64307,171.36208,48.864307,200.884,0.0,1.602
59,RBA,"RB Global, Inc.",Industrials,84.03,15562355712,0.08066,0.111,0.09988,603587520,77.606,1.312,0.65,17.27008,36.21983,2.7935505,128.63635,1.64,0.526
59,RH,RH,Consumer Cyclical,113.67,2152132352,2.80715,0.026,0.03233,263892880,3413.916,1.122,0.34,13.312627,20.083038,17.881077,165.82353,0.0,1.908
59,STZ,"Constellation Brands, Inc.",Consumer Defensive,123.63,21113337856,0.24014999,0.061,0.20895,1130475008,116.176,0.999,1.51,10.078793,11.068039,2.5677612,151.73914,3.48,
59,TER,"Teradyne, Inc.",Technology,398.72,62336184320,0.36465,1.039,0.25766,437381248,2.883,2.125,0.75,34.21764,54.76923,19.853607,446.46667,0.13,1.747
59,TOST,"Toast, Inc.",Technology,30.53,17646340096,0.25162,0.231,0.07143,474249984,,2.4,0.23,17.597353,38.64557,8.61456,38.92308,0.0,1.744
59,TPR,"Tapestry, Inc.",Consumer Cyclical,115.82,22982780928,1.97135,0.089,0.19086,1399924992,571.608,1.752,1.62,13.01417,15.931224,33.532135,166.5,1.63,1.429
59,ZBH,"Zimmer Biomet Holdings, Inc.",Healthcare,88.88,16952765440,0.06413,0.048,0.09481,1072150016,60.175,1.691,0.56,9.79976,21.572815,1.3419495,107.22727,1.08,0.485
59,ZTS,Zoetis Inc.,Healthcare,73.08,30198382592,0.64911,-0.002,0.27685,2016999936,293.996,3.084,6.66,11.166492,12.019737,,96.0,2.96,0.74
58,ALLE,Allegion plc,Industrials,149.99,12754667520,0.3373,0.127,0.15357,484449984,104.895,1.93,1.87,15.332936,19.65793,6.022002,178.0,1.49,0.823
58,AMCR,Amcor plc,Consumer Cyclical,41.88,19346286592,0.09396,0.259,0.04705,1504000000,128.294,1.254,0.95,9.6795,17.596638,1.6409373,49.7625,6.3,0.576
58,AN,"AutoNation, Inc.",Consumer Cyclical,157.07,5192861184,0.32766998,-0.006,0.02822,356124992,501.585,0.782,0.43,6.524084,7.275128,2.3033156,230.41667,0.0,0.814
58,BILL,"BILL Holdings, Inc.",Technology,44.98,3835749632,-0.00302,0.138,-0.0068,222836880,53.743,1.51,0.43,10.384753,,1.1728814,57.2,0.0,1.137
58,CBRE,"CBRE Group, Inc.",Real Estate,131.08,37957529600,0.15798001,0.155,0.029760001,1637624960,117.789,1.141,0.68,14.419672,29.995424,4.524056,182.16667,0.0,1.234
58,CIEN,Ciena Corporation,Technology,425.93,60400504832,0.22396,0.37,0.10869,633368384,107.496,3.797,0.45,36.009308,95.286354,19.772074,512.9907,0.0,1.289
58,CMI,Cummins Inc.,Industrials,520.4,71640596480,0.21114,0.094,0.07822,2229374976,59.586,1.727,1.04,14.952219,26.591724,5.5764513,743.0842,1.7,1.238
58,DCI,"Donaldson Company, Inc.",Industrials,87.16,10094918656,0.28205,0.08,0.11679,321849984,78.367,2.076,1.6,17.948006,22.638962,5.730064,100.4,1.42,0.874
58,DOV,Dover Corporation,Industrials,188.96,25449175040,0.14914,0.069,0.13475999,906472128,42.316,1.979,1.46,16.242496,22.84885,3.3033812,240.10526,1.12,1.126
58,ESAB,ESAB Corporation,Industrials,64.88,4031381504,0.08727,0.129,0.05747,146126368,98.269,1.962,0.67,10.032348,20.211838,1.7036026,124.18182,0.72,1.143
58,HAL,Halliburton Company,Energy,32.57,27135055872,0.14917,0.037,0.0716,2052249984,74.186,2.018,0.66,11.230414,17.142105,2.4672372,43.4,2.14,0.839
58,IR,Ingersoll Rand Inc.,Industrials,78.0,30263955456,0.0947,0.085,0.12076,1107425024,47.903,1.616,0.63,19.940842,32.098766,2.9735808,94.71154,0.1,1.152
58,LEA,Lear Corporation,Consumer Cyclical,118.53,5846464000,0.12094,0.03,0.023459999,858987520,66.026,1.314,0.36,7.02348,11.036313,1.1332824,148.35715,2.57,1.302
58,LVS,Las Vegas Sands Corp.,Consumer Cyclical,36.1,23382011904,1.22869,-0.007,0.12588,2212875008,1703.902,0.997,0.76,10.3015995,14.046693,40.24526,58.75263,3.35,0.768
58,MKC,"McCormick & Company, Incorporated",Consumer Defensive,45.94,12360821760,0.22623,0.174,0.19393,742000000,66.141,0.657,1.76,14.291802,8.307413,1.7650223,54.84615,4.24,0.641
58,MIDD,The Middleby Corporation,Industrials,105.4,4766435328,0.10974,0.099,-0.13906,604098624,90.515,1.987,1.51,13.518627,,2.1567867,155.66667,0.0,1.339
58,MMS,"Maximus, Inc.",Industrials,58.77,3077065728,0.21112,-0.051,0.07067,354073760,99.546,2.421,2.06,7.029905,8.693787,1.767891,92.5,2.37,0.588
58,MZTI,The Marzetti Company,Consumer Defensive,102.19,2788867328,0.18677999,-0.022,0.09929,132784872,24.097,1.559,3.12,14.126348,14.640402,2.648164,146.6,3.98,0.363
58,SON,Sonoco Products Company,Consumer Cyclical,48.4,4785550336,0.18855,-0.013,0.08412,527077760,132.433,0.995,0.21,7.6782618,7.4922605,1.3362783,61.11111,4.52,0.331
57,ADC,Agree Realty Corporation,Real Estate,65.82,8209526272,0.037049998,0.168,0.28842,447780000,58.984,0.271,0.13,34.406693,35.387096,1.2883147,82.88889,4.92,0.424
57,AMD,"Advanced Micro Devices, Inc.",Technology,620.68,1013244559360,0.10196,0.501,0.15577,8841499648,6.361,2.609,0.65,39.478714,158.33673,15.068339,636.208,0.0,2.454
57,AON,Aon plc,Financial Services,277.12,58784202752,0.44699,0.022,0.22268,3190874880,163.481,1.033,2.12,13.695359,15.276737,6.1209526,362.21054,1.21,0.691
57,AVY,Avery Dennison Corporation,Consumer Cyclical,167.62,12703608832,0.3116,0.109,0.076220006,1004600000,158.653,1.132,1.92,14.985284,18.359255,5.47742,199.6,2.4,0.8
57,BR,"Broadridge Financial Solutions, Inc.",Technology,165.21,18652215296,0.40916002,0.075,0.15037,1194499968,123.939,1.236,1.74,14.27336,17.209375,6.630413,213.375,2.72,0.932
57,CHTR,"Charter Communications, Inc.",Communication Services,109.67,14252449792,0.27201998,-0.017,0.09052,2198374912,441.578,0.361,0.61,2.33142,2.855246,0.771661,175.10526,0.0,0.693
57,CPAY,"Corpay, Inc.",Technology,402.08,26400411648,0.29215,0.215,0.22723,1946175872,275.291,0.972,0.77,12.760689,24.44255,7.453241,461.0,0.0,0.894
57,DHI,"D.R. Horton, Inc.",Consumer Cyclical,135.82,37989031936,0.12632,0.0,0.09154,2413900032,29.451,6.011,1.12,11.805929,12.94757,1.600745,155.0,1.35,1.351
57,EPR,EPR Properties,Real Estate,54.41,4168291328,0.113170005,0.106,0.35626,337729984,152.233,1.666,,17.110062,17.439104,1.8036265,64.68182,6.88,1.025
57,FOUR,"Shift4 Payments, Inc.",Technology,39.52,3120504064,0.064899996,0.341,0.021960001,353524992,262.321,1.211,0.28,6.5190315,62.73016,5.0908155,53.90476,0.0,1.386
57,GEHC,GE HealthCare Technologies Inc.,Healthcare,64.22,29007290368,0.19376,0.058,0.093339995,1573124992,93.965,1.264,1.61,11.870808,14.763219,2.6430159,82.9,0.25,0.848
57,HAS,"Hasbro, Inc.",Consumer Cyclical,92.5,13046612992,1.5956,0.162,0.15968001,688150016,531.042,1.661,1.65,14.225188,16.547405,18.529648,110.61538,3.09,0.441
57,LMT,Lockheed Martin Corporation,Industrials,507.89,117216321536,0.89165,0.105,0.08163,5562625024,234.238,1.193,0.94,15.537231,18.720606,13.322753,627.1905,2.76,0.095
57,LSCC,Lattice Semiconductor Corporation,Technology,124.98,17750943744,0.04927,0.622,0.05579,155063248,4.836,3.024,0.59,38.876568,499.92,21.769726,164.2143,0.0,1.826
57,MAT,"Mattel, Inc.",Consumer Cyclical,16.58,4736905728,0.20497,0.105,0.07785,425315872,137.445,1.902,1.12,10.476762,12.191176,2.3706033,18.16667,0.0,0.702
57,NOC,Northrop Grumman Corporation,Industrials,484.48,68826693632,0.26958,0.051,0.104820006,2478000128,95.348,1.168,3.56,15.911718,15.399874,3.8485003,634.04346,2.09,-0.112
57,PCTY,Paylocity Holding Corporation,Technology,153.02,8472105472,0.21972999,0.11,0.15228,359865120,10.887,1.089,1.2,15.74301,31.101627,6.936222,172.2,0.0,0.501
57,PPG,"PPG Industries, Inc.",Basic Materials,105.46,23443757056,0.19297001,0.072,0.09573,1104625024,86.938,1.58,1.5,12.200257,15.152299,2.7767246,125.71429,2.82,1.05
57,PR,Permian Resources Corporation,Energy,22.84,19129802752,0.114029996,0.551,0.21523,458368128,26.246,0.624,1.17,10.200299,15.026316,1.5933031,27.19048,2.84,0.649
57,RL,Ralph Lauren Corporation,Consumer Cyclical,367.39,21889921024,0.37537,0.14,0.117639996,880087488,110.373,2.045,1.94,17.52193,23.14997,8.0455065,446.70587,1.11,1.355
57,RNR,RenaissanceRe Holdings Ltd.,Financial Services,331.34,13767803904,0.21475,-0.132,0.23584999,2787289856,12.211,1.352,3.62,8.059667,5.721637,1.2514447,347.375,0.51,0.12
57,TYL,"Tyler Technologies, Inc.",Technology,331.15,13561345024,0.09731,0.082,0.13361,594435648,47.906,1.554,1.39,21.610907,43.57237,4.462697,422.5,0.0,0.849
56,AFL,Aflac Incorporated,Financial Services,114.94,57624399872,0.16908,-0.01,0.26908,5152249856,53.365,0.892,1.18,15.156771,12.359139,1.9044937,118.13333,2.16,0.556
56,BKNG,Booking Holdings Inc.,Consumer Cyclical,159.97,120198332416,,0.081,0.25527,7725875200,,1.094,0.86,12.923453,17.735033,-11.244904,235.25714,1.08,1.128
56,CI,The Cigna Group,Healthcare,281.03,74259505152,0.16758,0.067,0.022720002,7980125184,74.29,0.846,0.76,8.392809,11.61761,1.7387996,342.29166,2.24,0.298
56,DAL,"Delta Air Lines, Inc.",Industrials,82.14,54017155072,0.20125,0.187,0.05784,2817374976,96.649,0.424,0.21,10.412309,13.62189,2.4627469,101.27083,1.04,1.336
56,DASH,"DoorDash, Inc.",Consumer Cyclical,191.71,83067551744,0.088870004,0.356,0.05292,5147500032,33.276,1.368,1.06,23.232986,100.9,8.371982,257.72287,0.0,1.893
56,DVA,DaVita Inc.,Healthcare,177.02,11293876224,0.88475,0.052,0.060489997,1042451584,1241.986,1.467,0.43,10.325732,14.951014,-14.797292,219.85715,0.0,0.795
56,EG,"Everest Group, Ltd.",Financial Services,373.1,14305675264,0.12572,-0.113,0.11376,2064625024,23.26,0.388,0.97,6.225687,7.8912864,0.93577254,409.6875,2.21,0.259
56,EFX,Equifax Inc.,Industrials,145.54,17098750976,0.14275,0.106,0.10729,947537472,120.956,0.602,1.2,14.376593,25.62324,3.9074285,203.09525,1.57,1.341
56,EXPO,"Exponent, Inc.",Industrials,69.78,3317765632,0.31204,0.12,0.19708,76945872,27.968,1.977,2.03,25.651016,31.29148,11.492095,84.0,1.78,0.699
56,FOXA,Fox Corporation,Communication Services,63.57,26805792768,0.14291,0.281,0.09839,555374976,64.06,3.169,1.12,10.87122,16.554688,2.2938693,76.42222,0.92,0.613
56,HXL,Hexcel Corporation,Industrials,85.13,6437824512,0.10764,0.08,0.077589996,252975008,73.902,2.427,0.6,27.18592,42.99495,4.9508576,108.5,0.86,1.101
56,LAD,"Lithia Motors, Inc.",Consumer Cyclical,288.87,6350262784,0.10719,0.022,0.01883,547649984,257.698,1.003,0.53,6.776942,9.568399,0.9926633,433.53333,0.97,1.264
56,LECO,"Lincoln Electric Holdings, Inc.",Industrials,258.78,14104999936,0.37736,0.12,0.12353,307077120,77.347,1.982,1.49,20.660088,25.852148,9.0755415,304.9091,1.2,1.217
56,LIVN,LivaNova PLC,Healthcare,75.91,4170004992,0.15404001,0.108,0.12813,59872624,26.556,1.45,0.93,16.208656,22.45858,3.1531947,90.54545,0.0,0.875
56,MUR,Murphy Oil Corporation,Energy,38.6,5533293056,0.06461,0.356,0.09826,344718368,41.896,0.854,0.33,12.130583,19.10891,1.052201,40.21429,3.76,0.578
56,NRG,"NRG Energy, Inc.",Utilities,106.32,22349578240,0.23772,0.11,0.02563,772374976,483.357,0.968,0.42,9.502036,27.83246,5.3175955,185.5,1.75,1.161
56,ONTO,Onto Innovation Inc.,Technology,292.67,14362560512,0.06825,0.353,0.11838,202947248,76.547,9.726,0.86,25.02116,110.02631,7.4637866,387.5,0.0,1.581
56,PAYX,"Paychex, Inc.",Technology,104.46,37185720320,0.47055,0.059,0.27353,1887112448,124.704,1.277,1.89,16.351103,20.72619,9.944783,113.92857,4.69,0.848
56,PGR,The Progressive Corporation,Financial Services,218.73,126950891520,0.34943,0.073,0.12849,15114500096,24.428,0.293,65.66,13.365009,10.969408,3.7014537,232.80952,0.19,0.235
56,RJF,"Raymond James Financial, Inc.",Financial Services,158.6,30467061760,0.18416001,0.151,0.15131,,47.594,2.109,0.77,11.123986,13.827376,2.3994675,185.64285,1.37,0.946
56,SLGN,Silgan Holdings Inc.,Consumer Cyclical,35.8,3783416064,0.11748,0.068,0.04045,313311264,203.153,1.272,0.79,8.753463,14.039216,1.5901216,53.84615,2.4,0.67
56,TEX,Terex Corporation,Industrials,52.35,5983604736,0.042090002,0.505,0.02232,216000000,54.558,1.818,1.01,8.77387,25.047848,1.207501,78.17077,1.26,1.473
56,TWLO,Twilio Inc.,Technology,275.77,42351435776,0.13497,0.22,0.20615,954675392,11.868,4.621,0.42,40.560493,38.14246,4.7172422,265.7143,0.0,1.357
56,UHS,"Universal Health Services, Inc.",Healthcare,175.72,10356324352,0.20948,0.083,0.08424,498316992,68.74,1.116,1.18,7.332727,7.1663947,1.3783042,194.94118,0.46,1.029
55,ACM,AECOM,Industrials,59.46,7652289024,0.16605,-0.142,0.01871,379882112,138.88,1.057,0.64,9.328141,20.93662,3.489027,85.83333,2.13,0.929
55,APH,Amphenol Corporation,Technology,85.32,210396282880,0.38115,0.55,0.17729001,3818374912,120.415,1.888,1.0,25.618237,42.66,13.577339,101.65789,0.57,1.235
55,ARW,"Arrow Electronics, Inc.",Technology,226.75,11542804480,0.12036,0.318,0.02259,732857856,30.663,1.217,0.95,9.477534,14.498081,1.650003,235.0,0.0,1.166
55,ATI,ATI Inc.,Industrials,188.13,25617735680,0.25357,0.106,0.10090999,346687488,109.699,2.327,1.33,29.520359,55.17009,13.650414,252.66667,0.0,0.995
55,BALL,Ball Corporation,Consumer Cyclical,58.37,15450734592,0.17151,0.197,0.0661,379875008,131.495,1.069,0.97,12.906435,16.62963,2.6880035,71.85714,1.39,0.961
55,BKR,Baker Hughes Company,Energy,56.3,55887548416,0.16463,-0.024,0.111669995,4415000064,80.925,2.095,1.55,19.05168,18.102894,2.8063004,71.16667,1.66,1.035
55,BWA,BorgWarner Inc.,Consumer Cyclical,61.72,12570287104,0.08056,0.003,0.02893,1066249984,70.11,2.127,0.34,10.4269085,30.86,2.2363129,80.93333,1.09,1.141
55,BYD,Boyd Gaming Corporation,Consumer Cyclical,70.0,5085879296,0.93084997,0.0,0.44341,283961504,130.47,0.774,3.03,9.041848,3.0554342,2.0467837,95.625,1.15,1.126
55,CCL,Carnival Corporation Ltd.,Consumer Cyclical,26.13,35134664704,0.23998,0.035,0.113690004,1807624960,177.11,0.274,0.9,10.203125,11.511013,2.489994,33.93077,1.72,2.381
55,CHWY,"Chewy, Inc.",Consumer Cyclical,18.91,7600444416,0.71988,0.073,0.02094,449075008,313.414,0.838,0.32,10.114788,29.092308,20.487541,28.63636,0.0,1.384
55,CNO,"CNO Financial Group, Inc.",Financial Services,53.55,4954519040,0.10934,0.116,0.060170002,996099968,175.664,2.27,1.29,10.574644,18.529411,1.915373,53.75,1.36,0.814
55,CW,Curtiss-Wright Corporation,Industrials,507.29,18736474112,0.19746,0.054,0.14811,553040256,41.482,1.602,2.0,29.565819,34.93733,6.763777,761.125,0.2,0.883
55,DY,"Dycom Industries, Inc.",Industrials,277.21,8360918528,0.19197,0.456,0.0479,326561504,147.703,2.348,3.5,13.338793,25.31598,4.0502315,520.9091,0.0,1.5
55,EW,Edwards Lifesciences Corporation,Healthcare,84.24,48555933696,0.09175,0.136,0.15431,1232412544,6.568,4.522,1.83,24.898106,50.142857,4.574531,101.96154,0.0,0.864
55,FTV,Fortive Corporation,Technology,56.42,17039801344,0.07318,0.079,0.12382,939112512,59.283,1.241,0.98,17.343456,29.694736,2.817056,63.64286,0.5,0.986
55,GEV,GE Vernova Inc.,Industrials,999.35,266160455680,0.82577,0.219,0.23035,15722125312,28.364,0.85,1.95,39.68424,28.651089,22.259716,1230.341,0.2,0.967
55,GWRE,"Guidewire Software, Inc.",Technology,164.78,13510752256,0.10508,0.153,0.09441,343031744,59.897,1.786,1.07,30.828293,101.092026,11.318863,213.2857,0.0,1.026
55,IESC,"IES Holdings, Inc.",Industrials,300.43,12739676160,0.44522998,0.396,0.11444,329443360,6.233,1.63,,,26.681171,9.739043,440.0,0.0,1.767
55,JKHY,"Jack Henry & Associates, Inc.",Technology,149.05,10450193408,0.24040002,0.047,0.19760999,352223744,3.793,1.167,1.77,18.857899,21.353868,5.0898104,189.72221,1.67,0.563
55,JBL,Jabil Inc.,Technology,299.16,31348105216,0.66369003,0.286,0.02898,1275500032,248.609,0.993,0.82,13.495073,30.683077,19.437334,425.0,0.11,1.295
55,KDP,Keurig Dr Pepper Inc.,Consumer Defensive,31.26,42539421696,0.051,0.756,0.07103,4607249920,99.649,0.479,0.94,12.353436,31.575758,1.6993748,36.20588,3.01,0.41
55,MCO,Moody's Corporation,Financial Services,458.69,79436390400,0.76932,0.151,0.34252,2579124992,240.682,1.19,1.57,24.23861,29.104694,26.260378,560.3809,0.92,1.346
55,ODFL,"Old Dominion Freight Line, Inc.",Industrials,181.65,37777436672,0.24818,0.104,0.19443001,970776000,0.44,1.889,2.14,27.067823,34.932693,8.287708,222.38095,0.66,1.203
55,OHI,"Omega Healthcare Investors, Inc.",Real Estate,44.14,14093782016,0.16529,0.112,0.68055,665501376,71.471,0.444,11.99,21.824905,15.764286,2.4492288,51.77778,6.22,0.526
55,PCAR,PACCAR Inc,Industrials,109.66,57721184256,0.12755999,0.005,0.09003,1943650048,72.91,5.519,0.75,15.30378,23.086317,2.8404179,140.0625,1.31,0.988
55,PRU,"Prudential Financial, Inc.",Financial Services,113.53,39167848448,0.12011,0.141,0.06007,7527750144,163.891,0.777,0.65,7.6383486,10.283514,1.2411584,113.4,4.98,0.84
55,Q,"Qnity Electronics, Inc.",Technology,126.68,26502539264,0.06722,0.221,0.11248,772249984,59.992,2.008,1.37,23.554611,45.24286,3.6532474,174.25,0.25,
55,RBC,RBC Bearings Incorporated,Industrials,490.99,15544372224,0.09747,0.192,0.16404,283237504,25.364,2.53,1.66,29.503473,48.516796,4.477262,626.1111,0.0,1.383
55,SF,Stifel Financial Corp.,Financial Services,70.11,10586731520,0.16427,0.127,0.16344999,,52.002,0.895,0.82,9.682726,12.519643,1.9946514,85.25,1.95,1.014
55,TXN,Texas Instruments Incorporated,Technology,288.2,263197999104,0.35176,0.228,0.31111,3545250048,78.036,4.857,1.03,27.074127,43.86606,14.612383,324.7097,2.1,1.339
55,UPS,"United Parcel Service, Inc.",Industrials,94.13,80084066304,0.29602,0.076,0.050819997,5593999872,189.9,1.179,1.31,11.678703,17.496283,5.316577,114.26923,7.11,1.046
55,VEEV,Veeva Systems Inc.,Healthcare,284.84,46118117376,0.14425,0.176,0.29345,1257709824,2.041,5.458,1.09,27.787533,46.695084,6.3540645,295.26923,0.0,0.934
54,AMZN,"Amazon.com, Inc.",Consumer Cyclical,254.06,2740370800640,0.30558002,0.196,0.1744,3219124992,45.617,1.033,1.54,24.273798,20.439259,4.9663773,331.53,0.0,1.456
54,ANET,"Arista Networks, Inc.",Technology,210.97,266080583680,0.31476,0.377,0.38371,3891512576,,2.957,1.62,40.555634,66.55205,17.98091,243.69,0.0,1.605
54,ARES,Ares Management Corporation,Financial Services,116.26,38572269568,0.14918,0.096,0.121149994,2159716096,172.378,0.62,0.86,16.281431,53.576035,10.539389,146.65,4.67,1.554
54,BAH,Booz Allen Hamilton Holding Corporation,Industrials,72.87,8765166592,0.68637,-0.042,0.07013,860875008,346.09,1.595,1.09,10.832355,11.457547,7.2921047,84.76923,3.44,0.368
54,BRK-B,Berkshire Hathaway Inc.,Financial Services,511.05,1094009683968,0.121199995,0.1,0.22296,71975247872,17.142,2.891,10.06,23.611189,12.853371,0.0009785994,547.6667,0.0,0.595
54,BSY,"Bentley Systems, Incorporated",Technology,34.82,10518874112,0.24517,0.128,0.18100001,397979616,105.442,0.595,1.35,22.053886,38.263737,8.978855,43.93333,0.8,0.997
54,BWXT,"BWX Technologies, Inc.",Industrials,142.22,13030478848,0.28289,0.18,0.10108,145624256,151.4,2.397,1.67,27.19244,36.844563,9.764504,215.50688,0.75,0.738
54,CDP,COPT Defense Properties,Real Estate,33.47,3877314048,0.10825,0.039,0.20839001,257286368,164.15,2.594,1.02,22.924658,23.243055,2.4723003,40.375,3.83,0.786
54,CHRW,"C.H. Robinson Worldwide, Inc.",Industrials,141.34,16487091200,0.37123,0.193,0.03726,480618368,121.188,1.582,1.65,18.888676,26.973284,10.169808,197.47826,1.86,0.949
54,COLM,Columbia Sportswear Company,Consumer Cyclical,56.76,2905725440,0.12658,0.015,0.06047,255117376,28.799,2.493,2.19,13.558738,14.819843,1.81423,69.83333,2.12,0.929
54,CR,Crane Company,Industrials,202.12,11682608128,0.16521999,0.256,0.1297,363750016,51.181,2.804,2.31,25.81944,35.273994,5.3646884,237.2,0.5,1.073
54,DOCU,"DocuSign, Inc.",Technology,71.43,13350441984,0.17803,0.094,0.09816,1312730880,10.654,0.643,0.74,13.710068,43.55488,7.821088,69.99312,0.0,0.864
54,DXCM,"DexCom, Inc.",Healthcare,84.41,31853023232,0.38491002,0.131,0.20118,1021162496,53.346,1.733,2.1,26.99479,33.496033,12.152318,96.23077,0.0,1.477
54,EVR,Evercore Inc.,Financial Services,266.75,10258612224,0.39504,0.188,0.15818,,50.183,1.827,1.18,12.369316,15.019707,5.519232,336.0,1.33,1.509
54,FCFS,"FirstCash Holdings, Inc.",Financial Services,211.49,9172702208,0.17398001,0.294,0.0942,219812256,116.419,4.887,1.17,16.29353,24.060297,3.960487,249.75,0.8,0.549
54,FFIV,"F5, Inc.",Technology,461.66,26142504960,0.1983,0.109,0.21952999,717135488,6.546,1.665,1.67,25.53887,36.785656,6.8040266,436.1,0.0,1.028
54,GAP,"The Gap, Inc.",Consumer Cyclical,23.36,8205670912,0.33776,-0.02,0.08137,246375008,144.773,1.822,1.18,8.863896,7.0361447,2.0753376,26.51053,2.96,2.033
54,GNRC,Generac Holdings Inc.,Industrials,224.4,13253946368,0.09491,0.106,0.05817,289056512,49.003,2.045,0.63,17.301477,51.58621,4.6012836,287.77777,0.0,1.916
54,KRYS,"Krystal Biotech, Inc.",Healthcare,327.3,9687698432,0.20124,0.241,0.54818,151739744,0.651,8.318,,35.333626,41.015038,7.127147,392.1111,0.0,0.498
54,LHX,"L3Harris Technologies, Inc.",Industrials,236.92,44117966848,0.0934,0.084,0.08172,1608999936,52.753,1.184,1.16,17.479788,23.883064,2.2182896,326.53333,2.14,0.505
54,MNST,Monster Beverage Corporation,Consumer Defensive,43.65,85512609792,0.25704,0.202,0.23079,1681231104,0.992,3.729,2.21,33.366203,40.416668,9.131799,50.02174,0.0,0.492
54,MRSH,"Marsh & McLennan Companies, Inc.",Financial Services,176.67,84308910080,0.25902998,0.062,0.14241,4785249792,145.027,1.139,1.53,15.467464,21.5978,5.561082,203.90475,2.28,0.585
54,RYN,Rayonier Inc.,Real Estate,18.6,5566041600,0.02015,2.721,0.07828,111029624,36.025,3.562,23.24,29.795279,40.434784,1.0655973,25.33333,5.78,0.92
54,SFM,"Sprouts Farmers Market, Inc.",Consumer Defensive,66.01,6155275776,0.35197,0.047,0.05585,398699872,140.338,0.992,1.37,11.09013,12.621415,4.21897,93.57143,0.0,0.665
54,STLD,"Steel Dynamics, Inc.",Basic Materials,234.17,33563140096,0.17568001,0.334,0.07825,234191248,46.924,3.183,11.95,11.976719,21.230282,3.5701542,270.96072,0.91,1.486
54,TDY,Teledyne Technologies Incorporated,Technology,604.82,28036837376,0.09154,0.098,0.15292,912675008,18.565,2.181,1.4,22.579317,29.260765,2.5678017,758.0833,0.0,0.895
54,THC,Tenet Healthcare Corporation,Healthcare,260.57,20980836352,0.37337002,0.068,0.102740005,2247875072,152.276,1.406,1.8,12.358392,10.068393,4.5036125,285.31818,0.0,1.199
54,TNL,Travel + Leisure Co.,Consumer Cyclical,62.61,3836871424,,0.044,0.05789,556374976,,3.202,0.53,7.138557,17.106558,-3.7653356,89.53846,3.82,1.212
54,TRMB,Trimble Inc.,Technology,59.85,13955813376,-0.01939,0.11,-0.027679998,686174976,28.553,0.954,1.42,14.466934,,2.459926,79.4,0.0,1.343
54,TRV,"The Travelers Companies, Inc.",Financial Services,370.27,77229072384,0.26511,0.003,0.16951999,14775124992,27.378,0.323,2.36,12.169946,9.945474,2.331998,360.375,1.39,0.437
53,ABT,Abbott Laboratories,Healthcare,98.49,170425450496,0.10576,0.13,0.116450004,7209124864,63.212,1.376,1.81,16.237497,31.770967,3.3344617,120.715,2.55,0.583
53,AKAM,"Akamai Technologies, Inc.",Technology,100.9,14501006336,0.08918,0.054,0.09507,710060096,196.672,1.637,1.21,14.734272,36.557972,3.0511038,158.87318,0.0,0.616
53,AMKR,"Amkor Technology, Inc.",Technology,51.0,12671076352,0.12514,0.256,0.07448,-378785984,57.054,2.171,0.76,18.17307,22.869955,2.719565,76.4,0.64,2.224
53,AXON,"Axon Enterprise, Inc.",Industrials,417.31,33901185024,0.06221,0.353,0.06191,222160000,50.363,2.149,1.48,39.578445,173.15767,9.225786,704.1053,0.0,1.439
53,BF-B,Brown-Forman Corporation,Consumer Defensive,26.54,12178257920,0.18122,-0.014,0.18416001,685625024,61.502,3.263,1.98,15.485603,17.122581,3.0671444,28.25882,3.56,0.324
53,CBT,Cabot Corporation,Basic Materials,75.61,3903820544,0.13345,0.064,0.05228,258250000,74.394,1.467,1.0,10.821526,21.179272,2.4322846,90.33333,2.45,0.824
53,CDNS,"Cadence Design Systems, Inc.",Technology,348.84,96068091904,0.23229,0.242,0.23605,1609676544,38.661,1.743,2.72,36.46017,69.35188,14.008513,406.2404,0.0,1.128
53,CHH,"Choice Hotels International, Inc.",Consumer Cyclical,104.82,4768837632,5.66362,0.071,0.32631,212277504,1481.726,0.926,1.79,13.833879,14.805085,33.014175,114.6,1.11,0.715
53,CVS,CVS Health Corporation,Healthcare,87.8,112293601280,0.06205,0.071,0.011849999,8076000256,95.503,0.866,0.21,10.287234,23.105265,1.407841,115.76,3.02,0.596
53,CXT,"Crane NXT, Co.",Industrials,48.18,2773303552,0.11484,0.22,0.07782,239787504,114.1,1.415,,10.196393,19.991701,2.1899006,68.71429,1.49,1.081
53,EXP,Eagle Materials Inc.,Basic Materials,167.3,5131981824,0.2703,0.026,0.17316,25278250,120.746,3.231,2.09,12.072885,13.18361,3.465921,206.4,0.6,1.335
53,FDS,FactSet Research Systems Inc.,Financial Services,286.52,10190239744,0.25475,0.063,0.21544,641526656,77.049,0.599,1.21,13.191261,19.665066,5.067115,278.1875,1.7,0.766
53,GATX,GATX Corporation,Industrials,162.78,5746956800,0.117989995,0.348,0.17938,-4936737280,347.592,3.302,0.64,14.474981,16.11683,2.0639813,219.5,1.62,1.196
53,GRMN,Garmin Ltd.,Technology,268.44,51769335808,0.21886998,0.114,0.24471001,1043656256,2.513,3.028,2.94,24.109198,27.702787,5.7354074,302.0,1.52,0.83
53,HALO,"Halozyme Therapeutics, Inc.",Healthcare,109.84,12466620416,1.73674,0.477,0.24858999,337308640,1517.687,2.709,,10.330493,32.11696,87.24384,102.11111,0.0,0.877
53,HII,"Huntington Ingalls Industries, Inc.",Industrials,265.02,10443006976,0.12968001,0.109,0.05013,-300249984,55.252,1.23,0.8,12.694267,15.793801,1.965907,364.66666,2.12,0.21
53,IDXX,"IDEXX Laboratories, Inc.",Healthcare,513.14,40425746432,0.74211,0.097,0.25030002,909368384,67.971,1.172,2.77,30.658615,36.060436,25.098558,701.3333,0.0,1.548
53,IVZ,Invesco Ltd.,Financial Services,30.09,13284728832,-0.0057300003,0.205,-0.00934,1140787456,12.056,0.708,0.9,9.187225,,1.3335993,34.75,2.82,1.631
53,KVUE,Kenvue Inc.,Consumer Defensive,17.73,34055313408,0.15581,0.03,0.107609995,1907500032,81.617,1.005,1.39,14.300578,20.616278,3.2259827,19.5,4.79,0.447
53,MA,Mastercard Incorporated,Financial Services,574.76,503495458816,2.41202,0.141,0.46339,16961250304,439.583,1.061,1.49,24.962637,31.614962,89.86242,666.7138,0.61,0.76
53,MGM,MGM Resorts International,Consumer Cyclical,30.01,7678095360,0.18924999,0.01,0.02398,878991104,893.311,1.335,0.38,15.194014,18.52469,3.003403,48.96316,0.0,1.351
53,MLM,"Martin Marietta Materials, Inc.",Basic Materials,481.57,34200805376,0.08894,0.21,0.36737,593374976,54.945,1.407,1.79,21.856224,31.311443,2.504655,638.9167,0.7,1.085
53,MPC,Marathon Petroleum Corporation,Energy,463.34,130117345280,0.42099,0.537,0.05549,9249375232,133.328,1.25,1.02,9.127855,16.043629,6.8734603,388.8889,0.9,0.541
53,NDSN,Nordson Corporation,Industrials,326.87,18206451712,0.17763,0.103,0.18631001,613806656,55.619,1.823,1.87,25.177042,33.084007,5.5693374,349.7143,1.15,0.992
53,NTNX,"Nutanix, Inc.",Technology,73.11,19781386240,374.6021,0.159,0.52806,727732992,216.559,1.798,1.5,27.359274,14.141199,28.151714,77.78786,0.0,0.638
53,NVT,nVent Electric plc,Industrials,164.2,26577072128,0.15748,0.528,0.12377,452550016,40.957,1.8,1.06,25.238085,45.484764,6.6661253,204.70589,0.5,1.343
53,ORCL,Oracle Corporation,Technology,135.69,411344371712,0.41192,0.296,0.2636,-45853626368,251.716,1.171,0.8,12.336587,21.268024,6.637805,237.97415,1.39,1.77
53,OVV,Ovintiv Inc.,Energy,63.37,17528141824,0.08411,0.297,0.09661,1230499968,43.734,1.008,3.94,8.474032,17.651812,1.5243065,76.70833,1.95,0.663
53,RGLD,"Royal Gold, Inc.",Basic Materials,231.18,19587385344,0.136,1.155,0.48054,-189505504,5.186,2.924,1.06,17.976671,25.601328,2.5800188,309.83334,0.83,0.446
53,RPM,RPM International Inc.,Basic Materials,99.43,12680674304,0.21149999,0.048,0.08663999,553486656,78.764,1.756,1.64,15.000378,18.37893,3.8324854,125.0,2.2,1.044
53,ST,Sensata Technologies Holding plc,Technology,42.23,6145978880,0.03079,0.05,0.023810001,504049504,82.598,2.291,0.23,10.311921,70.38333,2.0772257,53.3,1.13,1.242
53,T,AT&T Inc.,Communication Services,24.87,170418847744,0.18339,0.023,0.16943,10142000128,129.054,0.971,1.48,9.685674,8.207921,1.5489538,28.77083,4.54,0.442
53,TPL,Texas Pacific Land Corporation,Energy,357.78,24677761024,0.36566,0.312,0.60322,-32836124,1.077,4.552,7.33,4.893052,45.635204,14.75564,443.0,0.69,0.588
53,UFPI,"UFP Industries, Inc.",Basic Materials,76.45,4217095936,0.0802,0.026,0.03994,117891504,13.347,3.981,2.67,13.849637,17.454336,1.3883339,102.6,1.89,1.222
52,AGCO,AGCO Corporation,Industrials,108.13,7572530688,0.118269995,-0.01,0.05154,450262496,66.053,1.321,0.92,14.4884615,14.95574,1.8549715,124.73333,1.1,1.074
52,AIZ,"Assurant, Inc.",Financial Services,272.86,13458482176,0.18341999,0.094,0.07903,2149574912,36.211,0.382,2.16,11.644033,13.061751,2.209679,326.66666,1.32,0.525
52,APO,"Apollo Global Management, Inc.",Financial Services,115.3,68089630720,0.11412,0.638,0.052670002,,100.969,1.948,0.43,10.779802,41.326168,3.3868933,151.45,1.95,1.58
52,ATR,"AptarGroup, Inc.",Healthcare,121.81,7744817152,0.13459,0.063,0.09217,265978880,52.78,1.614,2.51,19.468418,21.987364,2.9476104,165.375,1.59,0.342
52,BMY,Bristol-Myers Squibb Company,Healthcare,59.58,121704939520,0.46598998,0.057,0.18871,8114375168,201.859,1.532,16.62,9.016057,13.123348,5.453547,65.91667,4.22,0.184
52,BURL,"Burlington Stores, Inc.",Consumer Cyclical,276.84,17389758464,0.41412997,0.11,0.0585,107377376,294.974,1.172,0.92,20.235687,24.873314,8.685176,364.75,0.0,1.427
52,CORT,Corcept Therapeutics Incorporated,Healthcare,118.54,12813984768,0.08226,0.317,0.066420004,77395128,1.335,2.859,0.81,26.92561,263.42224,18.125383,141.0,0.0,0.401
52,CSCO,"Cisco Systems, Inc.",Technology,114.89,452963794944,0.27319,0.176,0.20951,11182624768,62.017,0.931,1.08,20.44186,34.501503,9.01593,136.16,1.43,0.979
52,CVNA,Carvana Co.,Consumer Cyclical,63.2,70054912000,0.58773,0.524,0.06257,424375008,110.88,3.926,,28.102505,33.439156,11.281685,82.28571,0.0,3.548
52,DD,"DuPont de Nemours, Inc.",Basic Materials,132.48,17890492416,0.01792,0.04,0.00787,1835250048,22.902,2.427,1.72,16.625254,35.612904,1.2992948,168.75,1.83,1.079
52,DKS,"DICK'S Sporting Goods, Inc.",Consumer Cyclical,134.63,13264630784,0.18475,0.532,0.03967,-823246016,139.077,1.485,0.94,10.238895,14.617807,2.0958652,157.96088,3.81,1.097
52,DVN,Devon Energy Corporation,Energy,48.92,53811998720,0.11522,0.642,0.17464,782625024,28.488,0.717,2.92,9.007383,10.657951,1.3474728,60.57143,2.67,0.536
52,EHC,Encompass Health Corporation,Healthcare,122.54,12088985600,0.24968,0.096,0.10005999,229924992,82.121,1.192,0.41,18.349806,20.491638,4.6605563,148.16667,0.69,0.598
52,ENSG,"The Ensign Group, Inc.",Healthcare,171.49,9994854400,0.16973,0.173,0.06902,280635360,92.027,1.211,1.33,20.037203,26.87931,4.058263,220.0,0.15,0.658
52,ERIE,Erie Indemnity Company,Financial Services,226.54,11845746688,0.24808,0.028,0.14007,481207744,2.56,1.246,2.67,16.169878,20.53853,4.801509,,2.68,0.331
52,FDX,FedEx Corporation,Industrials,291.73,69043871744,0.14846,0.125,0.0468,5656625152,135.697,1.475,1.22,14.089385,15.726686,2.2123718,355.49588,1.69,1.328
52,FLS,Flowserve Corporation,Industrials,69.65,8853405696,0.16936001,-0.016,0.08012,428336256,99.608,2.153,1.51,14.996233,24.268293,3.9226177,89.0,1.25,1.246
52,GD,General Dynamics Corporation,Industrials,329.9,89256812544,0.17803,0.081,0.08179,4400124928,35.335,1.441,2.02,17.729733,20.128128,3.3222556,415.01715,1.95,0.329
52,GME,GameStop Corp.,Consumer Cyclical,25.28,12753785856,0.15786,-0.187,0.25158,85450000,70.557,8.718,0.31,13.591398,16.63158,1.8486289,,0.0,1.621
52,HPE,Hewlett Packard Enterprise Company,Technology,71.0,94250000384,0.10936,0.337,0.06666,4738625024,76.464,1.113,0.58,15.078217,36.59794,3.5564015,72.0281,0.79,1.404
52,LLY,Eli Lilly and Company,Healthcare,1169.6,1042980667392,1.02286,0.477,0.33528998,11065900032,162.071,1.355,1.15,24.575327,39.261494,30.777328,1330.2476,0.58,0.453
52,LNTH,"Lantheus Holdings, Inc.",Healthcare,100.12,6537823744,0.22215,0.027,0.1769,451656000,47.642,3.06,,15.699386,24.24213,4.9813423,107.7375,0.0,-0.058
52,MTSI,"MACOM Technology Solutions Holdings, Inc.",Technology,322.21,24607475712,0.17184,0.358,0.20698999,104351504,26.873,2.338,2.05,37.950813,102.61465,15.969963,395.33334,0.0,1.764
52,PEP,"PepsiCo, Inc.",Consumer Defensive,128.34,175312437248,0.51508,0.064,0.10785,7831875072,238.949,0.934,1.27,14.452376,16.820444,7.9334855,146.31818,4.78,0.364
52,PLNT,"Planet Fitness, Inc.",Consumer Cyclical,44.03,3339641344,,0.045,0.18273,156152992,,1.584,0.92,12.021416,14.97619,-5.40378,65.30588,0.0,1.045
52,PPC,Pilgrim's Pride Corporation,Consumer Defensive,28.5,6786093056,0.1452,-0.028,0.029590001,508525376,82.717,1.355,0.61,10.382514,12.4454155,1.8097537,33.28571,0.0,0.329
52,PSX,Phillips 66,Energy,281.6,112903299072,0.23452999,0.531,0.046609998,4545375232,62.884,1.32,0.87,10.527319,16.091429,3.5664532,257.6842,1.87,0.701
52,QLYS,"Qualys, Inc.",Technology,193.86,6706586624,0.38592,0.11,0.29381,244382624,9.498,1.384,3.35,22.93805,33.59792,11.948228,179.36278,0.0,0.602
52,ROKU,"Roku, Inc.",Communication Services,153.81,22842421248,0.13122,0.219,0.06819,836552128,16.792,2.866,0.59,38.920616,65.451065,8.0837755,162.3265,0.0,2.052
52,SAIA,"Saia, Inc.",Industrials,341.26,9079259136,0.10767,0.171,0.08194,135712256,9.872,1.584,1.43,23.958529,32.940155,3.3297234,423.66666,0.0,2.191
52,SHC,Sotera Health Company,Healthcare,17.83,5088232448,0.27781,0.092,0.13442001,153967120,340.734,2.796,1.31,16.588053,31.280703,7.6425204,22.72222,0.0,1.855
52,SIRI,Sirius XM Holdings Inc.,Communication Services,26.33,8874971136,0.07574,0.01,0.102290004,1186000000,81.105,0.458,1.03,7.894887,10.532,0.7451113,33.23077,4.16,0.981
52,SLM,SLM Corporation,Financial Services,22.67,4261959936,0.30333,0.081,0.43625,,236.158,1.334,0.51,6.7313576,6.3147635,1.9161525,28.54545,2.3,0.976
52,THO,"THOR Industries, Inc.",Consumer Cyclical,66.11,3412225280,0.04086,-0.084,0.018480001,140289504,21.361,1.768,0.59,13.632558,19.559172,0.8007218,84.9,3.16,1.417
51,A,"Agilent Technologies, Inc.",Healthcare,168.17,47418191872,0.20971,0.081,0.19533001,1060374976,56.336,2.05,1.4,24.884176,33.169624,6.440087,178.0,0.6,1.208
51,AMT,American Tower Corporation,Real Estate,166.73,77689520128,0.33914003,0.047,0.31083,2920012544,438.721,0.352,1.57,23.784458,22.933975,20.885632,215.73914,4.31,0.885
51,BBWI,"Bath & Body Works, Inc.",Consumer Cyclical,17.71,3571138304,,-0.023,0.108339995,764625024,,1.201,0.65,6.3537736,4.6605263,-3.3875284,24.0625,4.49,1.4
51,CHE,Chemed Corporation,Healthcare,498.25,6512108032,0.27106002,0.088,0.10597,307859488,35.495,0.911,1.86,18.106422,25.062878,7.8082147,571.6,0.56,0.509
51,CMCSA,Comcast Corporation,Communication Services,21.21,75266580480,0.114879996,-0.012,0.08966,12697624576,100.474,0.796,142.98,5.915889,6.8419356,0.8379755,28.73,6.3,0.669
51,CME,CME Group Inc.,Financial Services,276.44,99402096640,0.15802,0.008,0.63443,2909012480,14.587,1.018,4.7,21.336487,23.44699,3.7449875,288.625,1.92,0.27
51,FANG,"Diamondback Energy, Inc.",Energy,191.68,53674188800,0.034930002,0.525,0.09029,5035500032,28.678,0.467,20.44,10.226816,36.510475,1.4189795,234.65517,2.39,0.537
51,GLW,Corning Incorporated,Technology,152.83,131645980672,0.16813,0.166,0.111999996,734499968,71.448,1.813,0.98,34.9599,70.10551,11.024309,187.70589,0.69,1.123
51,HON,Honeywell International Inc.,Industrials,206.6,65479806976,0.46577,0.043,0.21581,2610374912,185.369,1.211,3.4,20.992586,7.6264305,3.532409,258.26086,1.35,0.888
51,HRL,Hormel Foods Corporation,Consumer Defensive,19.42,10687812608,0.042930003,-0.024,0.028210001,621551616,36.326,1.882,1.35,12.388917,31.32258,1.3626158,25.5625,5.98,0.289
51,HST,"Host Hotels & Resorts, Inc.",Real Estate,22.54,15659134976,0.15558,0.036,0.16474001,1692375040,85.298,1.671,3.37,21.352987,15.229731,2.416899,25.29033,3.6,1.117
51,ISRG,"Intuitive Surgical, Inc.",Healthcare,415.41,146755239936,0.17423001,0.185,0.28445998,2615200000,,4.963,1.93,34.297985,47.63876,8.091667,477.46667,0.0,1.463
51,KNX,Knight-Swift Transportation Holdings Inc.,Industrials,65.05,10587278336,0.00611,0.126,0.00555,491255488,38.41,0.877,0.24,16.1682,240.92593,1.5163525,85.7,1.26,1.213
51,LSTR,"Landstar System, Inc.",Industrials,169.47,5751290368,0.14977999,0.181,0.02636,96691872,16.625,1.825,0.91,22.100996,43.90415,6.8736563,188.4375,1.05,0.893
51,MAS,Masco Corporation,Industrials,69.5,13704525824,58.625,-0.029,0.11614,897124992,,1.865,1.58,14.994929,16.013824,-37.54727,79.89474,1.86,1.291
51,MOG-A,Moog Inc.,Industrials,362.92,11494100992,0.18106002,0.152,0.087340005,333472640,51.557,2.087,1.49,30.234213,30.652027,5.170316,446.4,0.33,0.96
51,NOVT,Novanta Inc.,Technology,136.33,5155696128,0.051090002,0.103,0.05998,118383248,17.668,4.569,,31.220587,86.284805,3.189379,194.5,0.0,1.725
51,OMC,Omnicom Group Inc.,Communication Services,76.45,20973746176,0.060510002,0.634,0.017439999,4260624896,107.744,0.924,15.97,6.558398,201.1842,2.170765,102.16667,4.27,0.703
51,PFG,"Principal Financial Group, Inc.",Financial Services,109.77,23502266368,0.12949,0.064,0.09932999,1056374976,35.307,1.586,1.06,10.663421,15.636752,1.9402905,111.58333,3.09,0.871
51,ROL,"Rollins, Inc.",Consumer Cyclical,32.26,15521750016,0.37008998,0.079,0.1355,501737504,78.015,0.629,2.48,25.018805,29.32727,10.858296,42.41176,2.36,0.731
51,RRX,Regal Rexnord Corporation,Industrials,160.01,10651796480,0.047670003,0.042,0.05348,455187488,68.843,2.276,1.22,12.311521,32.923866,1.5409877,237.5,0.85,1.069
51,SGI,Somnigroup International Inc.,Consumer Cyclical,62.34,14353111040,0.17516,-0.03,0.07002,687912512,198.088,0.748,0.83,15.851987,24.836653,4.059651,93.44444,1.1,1.239
51,SMCI,"Super Micro Computer, Inc.",Technology,42.77,28098408448,0.21465999,0.932,0.0571,-8248783872,63.951,3.872,0.91,8.030538,13.119632,2.7400858,42.26667,0.0,2.009
51,SOLV,Solventum Corporation,Healthcare,86.41,14709032960,0.33960998,0.022,0.17256,489000000,110.313,1.021,1.22,11.951062,10.5765,3.062447,94.30769,0.0,0.703
51,SPG,"Simon Property Group, Inc.",Real Estate,199.61,75776647168,1.20508,0.195,0.66571,2595271168,503.504,0.266,4.58,29.469994,14.086803,14.69774,233.5,4.5,1.333
51,TREX,"Trex Company, Inc.",Industrials,44.44,4526888960,0.17740999,0.078,0.14682999,69669128,30.034,1.061,1.0,21.990746,26.141174,4.6368947,55.05263,0.0,1.481
51,TT,Trane Technologies plc,Industrials,469.94,103397695488,0.36643,0.106,0.13278,3121687552,53.404,1.073,1.65,26.71668,35.017883,12.00603,526.67365,0.9,1.157
51,V,Visa Inc.,Financial Services,375.1,704195985408,0.6119,0.144,0.50782,20404000768,67.821,0.985,1.68,24.9992,31.923405,19.878113,419.36163,0.72,0.771
50,AEIS,"Advanced Energy Industries, Inc.",Industrials,284.24,11383937024,0.16267,0.3,0.10767,34187500,94.568,3.79,2.77,18.529661,52.637035,7.8081474,429.08334,0.14,1.314
50,AIT,"Applied Industrial Technologies, Inc.",Industrials,332.12,12200060928,0.22368999,0.104,0.083459996,362843616,25.967,2.578,2.79,25.10898,30.330593,6.74369,400.0,0.61,0.851
50,ALGM,"Allegro MicroSystems, Inc.",Technology,36.27,6760802304,0.015269999,0.275,0.01501,103498872,31.472,3.703,,24.523327,604.5,7.0086956,54.41667,0.0,1.985
50,BC,Brunswick Corporation,Consumer Cyclical,62.35,4040119552,-0.048270002,0.077,-0.01528,366062496,136.481,1.447,0.72,11.500189,,2.4083588,91.625,2.78,1.375
50,BE,Bloom Energy Corporation,Industrials,272.82,80352960512,0.22213,1.655,0.07868,531637504,171.578,4.087,0.66,55.203255,358.9737,49.648773,283.77692,0.0,3.776
50,CHDN,Churchill Downs Incorporated,Consumer Cyclical,76.16,5308370432,0.33848,0.049,0.13804,138712496,349.173,0.356,1.69,10.3133135,12.996588,3.9755707,128.16667,0.59,0.769
50,DAR,Darling Ingredients Inc.,Consumer Defensive,62.25,9823230976,0.12126,0.164,0.091309994,219643008,78.609,1.565,4.31,9.912263,16.778976,1.872631,81.58333,0.0,1.047
50,FBIN,"Fortune Brands Innovations, Inc.",Industrials,39.31,4689424384,0.06406,-0.041,0.0339,299150016,121.292,2.014,1.35,11.720754,31.701614,2.0327854,53.9375,2.7,1.39
50,FLEX,Flex Ltd.,Technology,114.74,42391891968,0.18378,0.206,0.03325,625750016,107.818,1.38,0.94,16.257927,44.30116,7.7058425,160.5,0.0,1.658
50,FR,"First Industrial Realty Trust, Inc.",Real Estate,59.3,8125224960,0.1363,0.084,0.47917998,290640736,90.051,1.498,,31.455381,21.563637,2.8324416,71.875,3.44,1.041
50,FTNT,"Fortinet, Inc.",Technology,189.1,138745266176,1.17442,0.256,0.28173,2265587456,36.194,1.282,2.08,50.05599,66.81979,89.45128,164.31944,0.0,1.037
50,HD,"The Home Depot, Inc.",Consumer Cyclical,295.47,294787350528,1.0429599,0.057,0.0841,10762625024,380.261,1.078,1.51,18.47899,20.676697,17.745947,378.34375,3.26,0.999
50,ICE,"Intercontinental Exchange, Inc.",Financial Services,155.35,87212638208,0.14094,0.048,0.38246,3633625088,69.226,1.012,2.11,17.577507,21.911142,2.949161,185.33333,1.36,0.944
50,KHC,The Kraft Heinz Company,Consumer Defensive,22.48,26657316864,-0.0876,-0.014,-0.13639,3250500096,52.591,1.061,0.99,10.7995405,,0.7404724,25.25,7.28,0.111
50,PBF,PBF Energy Inc.,Energy,89.34,10590082048,0.23228,0.562,0.03937,78462496,38.424,1.33,,5.124384,7.8644366,1.6526082,77.0,1.31,0.175
50,PFGC,Performance Food Group Company,Consumer Defensive,94.72,14877903872,0.076680005,0.073,0.00558,713825024,158.849,1.514,0.57,14.03066,41.362446,3.0179062,125.58333,0.0,0.874
50,PH,Parker-Hannifin Corporation,Industrials,946.96,119423418368,0.25076,0.098,0.16968,2961750016,56.66,1.262,3.19,24.013887,33.25,7.7519917,1155.2887,0.84,1.119
50,SMTC,Semtech Corporation,Technology,187.49,17497622528,0.23663999,0.327,0.13116999,132654752,70.105,1.698,1.21,32.01001,124.165565,23.366152,212.46667,0.0,2.415
50,STAG,"STAG Industrial, Inc.",Real Estate,35.88,7061459968,0.069759995,0.081,0.28053,469642880,93.78,1.816,19.49,40.772728,27.600002,1.9051665,41.75,4.39,0.957
50,TTC,The Toro Company,Industrials,96.81,9164360704,0.26447,0.084,0.07644,608062528,80.671,1.576,1.91,18.982353,25.885027,6.8572035,111.0,1.62,0.67
50,TTMI,"TTM Technologies, Inc.",Technology,117.5,12378491904,0.13260001,0.374,0.07011,-19442376,57.03,1.78,0.36,17.047516,53.16742,6.639543,209.6,0.0,2.138
50,ULTA,"Ulta Beauty, Inc.",Consumer Cyclical,564.21,24124194816,0.46117002,0.089,0.0934,914087360,95.472,1.345,1.72,17.583637,20.56159,8.888697,631.44,0.0,0.838
50,UNP,Union Pacific Corporation,Industrials,278.2,165271814144,0.39696,0.115,0.28847,4720750080,150.772,0.986,2.73,19.572117,22.54457,8.505565,328.16666,2.07,0.954
50,URI,"United Rentals, Inc.",Industrials,1050.15,65363951616,0.28895,0.118,0.15673,1706249984,166.793,0.764,1.35,18.296274,25.250061,7.0971427,1265.9524,0.76,1.826
49,AAON,"AAON, Inc.",Industrials,85.95,7086889984,0.17284,1.012,0.08243,-213758000,44.742,3.013,1.0,24.568865,45.23684,7.0134635,134.75,0.46,1.412
49,ADP,"Automatic Data Processing, Inc.",Technology,270.73,107277189120,0.72239,0.068,0.20109,5243049984,91.436,1.051,2.45,20.200218,24.746803,17.857002,286.4,2.58,0.841
49,AFG,"American Financial Group, Inc.",Financial Services,141.98,11773189120,0.20413,0.058,0.11828,142250000,42.232,2.085,2.3,11.738046,12.410839,2.4419103,155.83333,2.79,0.577
49,ANF,Abercrombie & Fitch Co.,Consumer Cyclical,141.41,6000645120,0.40609002,0.048,0.10035,435861760,93.997,1.407,3.62,10.922922,12.211572,4.4299994,163.54546,0.0,1.01
49,BA,The Boeing Company,Industrials,187.75,148391968768,1.73537,0.08,0.025910001,5625375232,790.875,1.138,1.35,47.077675,67.05357,24.332556,271.76923,0.0,1.257
49,CGNX,Cognex Corporation,Technology,60.91,10246513664,0.111490004,0.169,0.16051,195671376,4.448,3.934,2.71,30.043701,58.56731,6.2878084,79.10526,0.56,1.483
49,DHR,Danaher Corporation,Healthcare,217.46,152871354368,0.07605,0.055,0.15948,4325125120,52.97,1.651,1.31,23.386393,38.762924,2.9069862,239.86365,0.73,0.797
49,DLTR,"Dollar Tree, Inc.",Consumer Defensive,118.62,22256707584,0.46032003,0.07,0.08035,1049587520,223.945,1.134,1.18,14.996264,14.448235,6.49937,136.15385,0.0,0.716
49,EBAY,eBay Inc.,Consumer Cyclical,111.98,49831100416,0.46611,0.148,0.18571,1579624960,153.012,1.019,1.51,16.68216,23.574738,10.682057,116.11111,1.15,1.322
49,FAST,Fastenal Company,Industrials,50.49,57937154048,0.34334,0.147,0.15454,916124992,10.851,4.18,3.31,36.06403,43.15385,14.238579,48.83846,1.93,0.69
49,FOX,Fox Corporation,Communication Services,56.97,24022747136,0.14291,0.281,0.09839,555374976,64.06,3.169,,9.91645,14.835938,2.0557141,,1.04,0.613
49,FTI,TechnipFMC plc,Energy,69.63,27306405888,0.35814,0.09,0.11282,1463362560,37.898,1.08,2.18,19.233372,24.261324,8.359946,76.0,0.29,0.829
49,GS,"The Goldman Sachs Group, Inc.",Financial Services,882.59,256984973312,0.16902,0.425,0.31039,,725.381,1.563,1.11,12.213182,13.630734,2.437764,1078.0952,2.25,1.284
49,HUBB,Hubbell Incorporated,Industrials,475.4,25116604416,0.24444,0.153,0.14491999,495812512,141.642,1.609,1.98,20.701662,28.146833,6.4205933,560.5833,1.19,0.846
49,KMB,Kimberly-Clark Corporation,Consumer Defensive,97.74,32506273792,1.04913,0.006,0.1179,941124992,348.933,0.909,1.97,13.091189,19.278105,18.574686,115.86667,5.31,0.275
49,MORN,"Morningstar, Inc.",Financial Services,202.74,7605501952,0.3196,0.096,0.16427,497800000,186.052,1.056,2.31,14.480633,19.2902,7.428823,236.66667,1.0,1.022
49,MSI,"Motorola Solutions, Inc.",Technology,447.12,73995583488,0.91567004,0.133,0.17438999,1979000064,357.85,1.099,1.97,23.011032,35.2063,27.694021,526.9091,1.08,0.886
49,MTDR,Matador Resources Company,Energy,54.48,6742129664,0.13592,0.268,0.18847999,-907763968,69.104,0.65,0.62,5.9495854,9.344769,1.1394628,69.9,2.84,0.972
49,MTZ,"MasTec, Inc.",Industrials,216.66,17398870016,0.16176,0.234,0.03069,-57898876,89.874,1.4,0.67,17.472933,34.555023,4.8642826,392.8,0.0,1.843
49,NFG,National Fuel Gas Company,Energy,78.21,7433477120,0.19576,0.011,0.26864,-24765500,90.92,3.201,1.55,10.46988,10.892757,1.8943467,93.0,2.86,0.408
49,NOV,NOV Inc.,Energy,18.99,6769519104,0.01545,-0.025,0.011,673374976,37.151,2.422,0.75,14.805285,70.33333,1.0935161,22.13158,1.93,0.977
49,NOW,"ServiceNow, Inc.",Technology,139.75,144482222080,0.14244,0.24,0.11336,5149374976,67.538,0.701,0.99,27.919233,87.34375,11.543862,146.73174,0.0,0.99
49,NVST,Envista Holdings Corporation,Healthcare,22.72,3649234432,0.030569999,0.071,0.03326,267887504,51.62,2.425,,13.653107,39.172413,1.1861132,29.69231,0.0,0.888
49,PTC,PTC Inc.,Technology,193.73,21045319680,0.35053003,-0.068,0.41429,1031425152,46.335,1.025,1.81,21.724136,18.790493,6.181754,201.0,0.0,0.995
49,REG,Regency Centers Corporation,Real Estate,71.48,13363811328,0.081870005,0.089,0.32996,743363968,71.972,0.964,2.61,28.429047,24.06734,1.9638983,86.11111,4.27,0.823
49,RTX,RTX Corporation,Industrials,184.32,248418779136,0.12274,0.145,0.08276,9880000512,57.02,1.011,2.09,23.462204,32.450706,3.7425382,230.78261,1.62,0.308
49,SBRA,"Sabra Health Care REIT, Inc.",Real Estate,18.84,4812918272,0.02388,0.253,0.07576,155119744,95.672,3.574,5.28,23.25926,75.36,1.7496285,22.78571,6.4,0.616
49,SLB,SLB N.V.,Energy,48.98,72693334016,0.12909001,0.05,0.08527,2955124992,47.002,1.439,1.26,15.270794,23.661837,2.7880235,62.44828,2.46,0.839
49,SW,Smurfit Westrock Plc,Consumer Cyclical,41.45,21741475840,0.02715,0.011,0.01587,1215000064,78.427,1.447,0.26,12.069242,43.63158,1.203822,56.71875,4.38,0.914
49,TKO,"TKO Group Holdings, Inc.",Communication Services,181.63,34377060352,0.07063,0.182,0.0433,856147520,59.216,1.278,1.5,38.799385,63.506996,3.9753554,231.42105,1.77,0.692
49,TXRH,"Texas Roadhouse, Inc.",Consumer Cyclical,162.76,10683716608,0.27714002,0.111,0.066300005,235890752,68.842,0.458,1.62,20.946613,26.0416,6.952287,215.04167,1.85,0.809
49,UAL,"United Airlines Holdings, Inc.",Industrials,107.44,34873282560,0.23252001,0.16,0.05558,910124992,201.641,0.78,6.5,7.8066254,10.059925,2.0886064,152.8261,0.0,1.304
49,VAL,Valaris Limited,Energy,83.96,5829830144,0.33619,-0.124,0.43954,79725000,36.22,1.547,,11.889152,6.331825,1.8065627,68.28571,0.0,1.048
48,ALLY,Ally Financial Inc.,Financial Services,37.83,11507874816,0.09681,0.11,0.1841,,,,0.26,6.0964313,8.901176,0.8524495,50.00556,3.21,1.098
48,AVNT,Avient Corporation,Basic Materials,40.98,3758667264,0.071100004,0.058,0.051030003,263787504,76.563,1.9,1.22,11.725288,22.15135,1.542399,50.85714,2.76,1.295
48,BROS,Dutch Bros Inc.,Consumer Cyclical,39.78,6977269760,0.14562,0.325,0.04907,1719625,123.827,1.35,1.32,29.80445,55.249996,6.8764043,72.36,0.0,2.312
48,CAT,Caterpillar Inc.,Industrials,796.18,365983956992,0.56972003,0.24,0.14511,5048999936,232.783,1.368,1.42,24.560244,34.273785,18.869955,970.79846,0.8,1.58
48,CLH,"Clean Harbors, Inc.",Industrials,317.34,16751505408,0.15562001,0.119,0.07032,383758016,110.951,2.131,0.27,31.751907,38.465454,5.720724,359.73334,0.0,0.875
48,COF,Capital One Financial Corporation,Financial Services,199.4,122328875008,0.09031,11.11,0.21867001,,,,0.17,8.363753,12.80668,1.1879017,256.4762,1.63,1.04
48,CTAS,Cintas Corporation,Industrials,201.12,80350855168,0.41375,0.109,0.17824,1623005312,52.096,1.454,3.09,32.64426,39.668636,15.438704,218.3125,1.05,0.917
48,DG,Dollar General Corporation,Consumer Defensive,124.27,27416047616,0.19692,0.052,0.03903,1738019712,169.811,1.209,1.53,14.952742,16.138962,2.951571,141.44827,1.93,0.226
48,DGX,Quest Diagnostics Incorporated,Healthcare,230.81,25475274752,0.14602,0.102,0.09187,909625024,81.074,1.591,1.48,19.181274,24.502123,3.3780203,248.8,1.52,0.54
48,EAT,"Brinker International, Inc.",Consumer Cyclical,190.2,7965815296,1.19568,0.051,0.083859995,367575008,395.763,0.455,1.66,13.069255,17.4977,18.090166,262.5909,0.0,1.257
48,ELS,"Equity LifeStyle Properties, Inc.",Real Estate,58.5,11729888256,0.22877,0.064,0.25625,603528512,182.359,0.139,4.17,26.801422,28.26087,6.454104,69.57895,3.74,0.643
48,ELAN,Elanco Animal Health Incorporated,Healthcare,22.54,11257593856,-0.029779999,0.102,-0.03964,826875008,64.253,2.05,4.04,17.543724,,1.7091296,31.0,0.0,1.705
48,EXPD,"Expeditors International of Washington, Inc.",Industrials,193.71,25180485632,0.4267,0.321,0.07634,797562240,26.745,1.566,3.02,23.976295,28.196508,11.887696,180.86667,0.85,1.064
48,IEX,IDEX Corporation,Industrials,231.75,17084585984,0.12955,0.064,0.1449,555612480,47.06,3.049,1.77,24.07582,33.345325,4.27883,255.92857,1.25,0.96
48,IPGP,IPG Photonics Corporation,Technology,77.74,3306635008,0.01302,0.111,0.02577,45315500,0.764,6.179,1.83,33.695396,119.6,1.5544269,124.14286,0.0,0.972
48,IT,"Gartner, Inc.",Technology,195.41,12339941376,1.13581,-0.006,0.11996,1052553024,,0.88,0.74,11.932955,17.668173,-75.21555,186.46153,0.0,0.978
48,J,Jacobs Solutions Inc.,Industrials,138.59,16220380160,0.07998,0.345,0.0238,645677888,124.734,1.287,0.41,16.764282,46.04319,4.97273,162.46667,1.06,0.698
48,JBHT,"J.B. Hunt Transport Services, Inc.",Industrials,228.42,21452050432,0.18448,0.194,0.05311,903028352,38.373,1.255,1.6,23.086042,32.492176,5.8657966,283.13043,0.81,1.311
48,MMM,3M Company,Industrials,163.58,84361879552,0.81891996,0.025,0.11902001,6350125056,437.937,1.24,1.52,16.647755,29.055061,28.577917,187.26111,1.92,1.058
48,MSFT,Microsoft Corporation,Technology,522.61,3880664432640,0.34039003,0.177,0.40305,16545500160,29.118,1.23,1.72,22.072176,29.114761,8.773776,587.6338,0.74,1.099
48,MUSA,Murphy USA Inc.,Consumer Cyclical,518.22,9525063680,0.86394,0.408,0.03232,386800000,352.932,0.925,1.39,16.893887,15.818681,12.169359,617.8,0.51,0.289
48,NEU,NewMarket Corporation,Basic Materials,903.63,8310148608,0.25123,0.07,0.15802,435517888,51.129,2.252,5.64,34.997288,19.445448,4.5204554,,1.32,0.558
48,NKE,"NIKE, Inc.",Consumer Cyclical,34.74,51599630336,0.21563,-0.043,0.0674,1766875008,73.095,2.075,1.46,20.42304,16.701925,3.4656825,38.15278,4.77,1.099
48,NUE,Nucor Corporation,Basic Materials,246.14,55843180544,0.14548999,0.23,0.07989,683374976,30.512,2.508,5.21,12.22573,19.62839,2.525808,283.8125,0.91,1.852
48,O,Realty Income Corporation,Real Estate,54.17,51256631296,0.03225,0.096,0.20898001,1582081920,74.722,1.528,2.69,34.880424,39.25362,1.295995,66.39286,6.11,0.696
48,OLLI,"Ollie's Bargain Outlet Holdings, Inc.",Consumer Defensive,86.71,5150782464,0.14862001,0.091,0.097950004,119643128,38.281,2.228,,17.546238,19.39821,2.723903,99.93333,0.0,0.414
48,SCI,Service Corporation International,Consumer Cyclical,76.77,10463104000,0.34714,0.036,0.12302,315907872,344.863,0.531,1.39,16.695953,20.096859,6.822787,100.33333,1.87,0.819
48,SN,"SharkNinja, Inc.",Consumer Cyclical,184.87,26162872320,0.27528,0.222,0.100609995,638667520,32.11,2.08,2.54,24.130495,37.72857,9.161959,209.56416,0.0,1.231
48,TKR,The Timken Company,Industrials,114.34,7923400192,0.08538,0.075,0.05435,408962496,65.523,3.095,1.33,15.743586,30.986448,2.4839242,146.47363,1.25,1.182
48,XRAY,DENTSPLY SIRONA Inc.,Healthcare,8.69,1732385024,-0.33031,-0.041,-0.14987999,141624992,172.243,1.627,0.55,5.800952,,1.3206687,13.4,0.0,0.878
47,AM,Antero Midstream Corporation,Energy,21.19,10058342400,0.19822,0.083,0.3045,432616640,185.545,0.842,,13.146141,25.53012,5.170815,24.0,4.32,0.694
47,AMH,American Homes 4 Rent,Real Estate,30.49,12499436544,0.07084,0.028,0.25530002,822327360,68.848,1.672,,45.088207,24.198412,1.6116073,37.11364,4.4,0.79
47,AXP,American Express Company,Financial Services,308.1,208062955520,0.34377,0.128,0.16141,,172.38,1.553,1.22,15.280147,18.695389,6.066752,371.7156,1.25,1.085
47,AXTA,Axalta Coating Systems Ltd.,Basic Materials,32.81,7021996544,0.14344,0.031,0.06777,539500032,119.424,1.533,2.04,11.442423,20.128836,2.7840476,39.13333,0.0,1.262
47,BEN,Franklin Templeton Inc.,Financial Services,32.4,16461691904,0.07887,0.143,0.08717,-2990862592,24.805,5.486,0.4,10.204308,22.040817,1.4008389,35.76923,4.06,1.576
47,BG,Bunge Global SA,Consumer Defensive,107.82,20714283008,0.071779996,0.883,0.01097,-6475375104,97.995,1.567,1.37,9.5737705,21.478088,1.2983792,141.77779,2.73,0.719
47,BX,Blackstone Inc.,Financial Services,112.68,134686154752,0.31374002,0.286,0.22728,,68.185,0.872,1.09,15.185124,25.208055,9.999112,141.63635,4.68,1.587
47,BRX,Brixmor Property Group Inc.,Real Estate,27.08,8310102528,0.14413,0.043,0.30822,603135104,176.202,0.596,,27.755001,19.342857,2.750076,34.66667,4.58,0.953
47,CMG,"Chipotle Mexican Grill, Inc.",Consumer Cyclical,32.68,41353859072,0.49560001,0.093,0.114250004,1116464384,246.35,0.715,1.37,23.876846,29.981651,18.835735,43.75806,0.0,0.958
47,CVLT,"Commvault Systems, Inc.",Technology,151.0,6258129408,0.32773998,0.114,0.05618,303740256,1762.992,2.043,3.17,24.352757,96.17834,120.22292,162.31766,0.0,0.792
47,DDOG,"Datadog, Inc.",Technology,273.8,98314731520,0.04696,0.356,0.044770002,1051412352,29.259,3.205,1.4,92.05032,547.6,22.50534,287.08127,0.0,1.512
47,DPZ,"Domino's Pizza, Inc.",Consumer Cyclical,308.65,10210677760,,0.043,0.118640006,531496512,,1.538,1.38,14.790376,17.497166,-2.562942,373.44443,2.63,0.951
47,GM,General Motors Company,Consumer Cyclical,82.25,72170389504,0.03164,0.019,0.01051,21933750272,202.341,1.136,0.28,5.4652143,36.883408,1.1634321,104.52174,0.89,1.4
47,GWW,"W.W. Grainger, Inc.",Industrials,1268.67,59755556864,0.46091,0.103,0.09923001,1247750016,61.977,2.805,1.72,24.875284,32.355778,14.465032,1331.6428,0.79,1.013
47,JNJ,Johnson & Johnson,Healthcare,256.48,618090790912,0.25742,0.066,0.21482,16885125120,57.709,1.089,2.71,21.19377,29.719584,7.269017,279.63635,2.07,0.206
47,KEX,Kirby Corporation,Industrials,138.11,7292208128,0.10414,0.078,0.1018,347219136,35.618,1.684,2.63,16.683155,21.215054,2.1304393,163.83333,0.0,0.84
47,MS,Morgan Stanley,Financial Services,187.44,294386958336,0.17969999,0.28,0.25897,,517.282,1.999,1.64,13.788914,15.14055,2.764561,223.40909,2.42,1.214
47,NWSA,News Corporation,Communication Services,28.97,15614621696,0.07979,0.108,0.06347,1045124992,31.561,1.623,2.57,19.163603,28.126213,1.8465166,36.1625,0.7,0.976
47,NYT,The New York Times Company,Communication Services,66.6,10741486592,0.19724001,0.113,0.13313,459932128,,1.58,3.79,21.22594,27.749998,5.2544374,78.55556,1.42,0.923
47,PCG,PG&E Corporation,Utilities,12.67,38039990272,0.09318,0.001,0.11828,-6150125056,189.45,1.216,0.53,7.0325594,9.18116,0.8633143,18.8125,1.56,0.279
47,PEN,"Penumbra, Inc.",Healthcare,317.52,12506929152,0.1137,0.149,0.106709994,161100128,13.896,5.75,3.56,51.781326,78.01473,8.170449,361.58334,0.0,0.701
47,PKG,Packaging Corporation of America,Consumer Cyclical,229.94,20487262208,0.14887,0.147,0.07256,432950016,94.474,2.941,1.46,17.350414,29.90117,4.3679953,258.8,2.64,0.771
47,POST,"Post Holdings, Inc.",Consumer Defensive,74.23,3262913792,0.082779996,-0.018,0.03484,394649984,247.074,1.851,1.17,10.3194685,13.496365,1.0600803,104.0,0.0,0.324
47,PVH,PVH Corp.,Consumer Cyclical,81.14,3743623680,-0.03499,-0.032,-0.01894,529800000,86.909,1.648,0.06,6.4940004,,0.78115374,90.83333,0.19,1.756
47,R,"Ryder System, Inc.",Industrials,235.18,9018416128,0.16697,0.05,0.03877,949249984,293.609,0.646,0.86,13.354653,19.104792,3.1324754,288.33334,1.74,1.049
47,ROK,"Rockwell Automation, Inc.",Industrials,434.14,48308473856,0.30629,0.079,0.13385001,1303874944,103.347,1.075,1.95,29.1145,40.649815,13.797992,477.1154,1.25,1.501
47,ROST,"Ross Stores, Inc.",Consumer Cyclical,225.2,72239898624,0.42628,0.133,0.10848,2002041600,70.281,1.612,2.07,25.097626,27.230953,10.676022,270.55557,0.79,0.837
47,RS,"Reliance, Inc.",Basic Materials,396.91,20264065024,0.12229,0.265,0.056550004,345437504,26.921,4.297,2.29,16.810242,23.062756,2.7377446,409.25,1.26,0.948
47,SYY,Sysco Corporation,Consumer Defensive,78.2,38467670016,0.77692,0.047,0.02078,1914000000,564.591,1.277,1.07,14.575302,21.36612,14.036977,90.83333,2.86,0.64
47,TTEK,"Tetra Tech, Inc.",Industrials,33.41,8554444288,0.24297,-0.039,0.100030005,396642240,55.247,1.184,2.1,19.225458,20.126507,4.619107,40.33333,0.88,0.946
46,AAPL,Apple Inc.,Technology,340.42,4968150990848,1.4875101,0.164,0.27618998,107721875456,78.445,1.003,2.69,35.506687,39.03899,46.25272,328.09384,0.32,1.069
46,CB,Chubb Limited,Financial Services,343.78,132630282240,0.14822,0.061,0.18070999,10488000512,30.941,0.41,2.52,11.759611,12.177825,1.7589153,367.0,1.22,0.365
46,CDW,CDW Corporation,Technology,139.88,17487437824,0.44009998,0.1,0.04597,676787520,263.278,1.167,1.33,11.6418915,16.812502,7.1770144,158.66667,1.84,0.941
46,COR,"Cencora, Inc.",Healthcare,321.35,61322309632,0.96871,0.051,0.00789,2043314048,446.516,0.935,0.66,16.228437,23.856718,20.09945,369.91666,0.76,0.581
46,DT,"Dynatrace, Inc.",Technology,61.12,17738788864,0.058790002,0.162,0.072230004,546524224,6.499,1.208,1.22,26.648064,122.24,7.240848,60.70588,0.0,0.769
46,ELF,"e.l.f. Beauty, Inc.",Consumer Defensive,105.96,6252487168,0.060399998,0.355,0.03383,281395360,79.503,2.546,1.37,27.40945,108.122444,5.342611,105.0,0.0,1.603
46,GE,GE Aerospace,Industrials,305.62,317099835392,0.48231998,0.211,0.17716,6594625024,113.225,0.982,3.86,33.584503,36.040096,17.97659,394.66666,0.62,1.374
46,IBM,International Business Machines Corporation,Technology,226.61,213497069568,0.34460998,0.011,0.15522,12049750016,188.97,0.791,2.09,17.231113,20.14311,6.196948,240.59,3.07,0.724
46,INVH,Invitation Homes Inc.,Real Estate,26.48,15639702528,0.070539996,0.101,0.23197001,1168785536,94.425,0.43,13.14,37.24908,24.293577,1.7272193,33.52174,4.64,0.833
46,LH,Labcorp Holdings Inc.,Healthcare,314.2,25481621504,0.11728,0.058,0.069860004,892049984,79.124,1.796,1.22,15.858259,25.98842,2.9533408,344.1875,0.92,0.846
46,LEN,Lennar Corporation,Consumer Cyclical,77.6,18461059072,0.05962,-0.087,0.04092,1227246208,28.201,10.135,11.3,14.72293,14.696969,0.8557848,77.86667,2.63,1.376
46,LUV,Southwest Airlines Co.,Industrials,41.36,20233650176,0.11099,0.164,0.02783,-834750016,97.275,0.489,0.2,9.488241,25.85,2.857143,49.22174,1.73,1.155
46,M,"Macy's, Inc.",Consumer Cyclical,22.79,5952216064,0.15993,0.012,0.03292,605000000,103.267,1.59,2.65,9.531019,8.347985,1.2078652,23.36364,3.36,1.465
46,NSC,Norfolk Southern Corporation,Industrials,316.99,71198605312,0.16985,0.114,0.21021,1382249984,105.519,0.831,3.7,22.181185,27.046926,4.380614,356.1111,1.72,1.283
46,RYAN,"Ryan Specialty Holdings, Inc.",Financial Services,37.79,9684405248,0.22092,0.074,0.03131,584760128,374.707,0.998,,15.484595,53.225353,9.008343,49.84375,1.38,0.605
46,SCHW,The Charles Schwab Corporation,Financial Services,96.87,167520747520,0.20273,0.209,0.38793,,151.106,0.655,0.81,12.268501,17.64481,3.8103292,122.47619,1.34,0.782
46,SWK,"Stanley Black & Decker, Inc.",Industrials,89.17,13466153984,0.06886,0.004,0.040689997,1419049984,58.172,1.432,1.39,14.04628,21.801954,1.5030762,101.09091,3.8,1.17
46,TMO,Thermo Fisher Scientific Inc.,Healthcare,651.98,241067835392,0.13515,0.105,0.15036,6237250048,80.575,1.551,1.97,23.643047,35.09042,4.5761647,673.44,0.28,0.877
46,USFD,US Foods Holding Corp.,Consumer Defensive,97.12,21010040832,0.16350001,0.045,0.01814,805124992,126.315,1.137,0.94,17.507648,29.883078,4.9092655,116.0,0.0,0.857
46,UTHR,United Therapeutics Corporation,Healthcare,532.78,22851303424,0.19315,-0.019,0.41557,557137472,,5.732,2.22,17.037485,19.082378,3.552554,649.6429,0.0,0.49
46,ZBRA,Zebra Technologies Corporation,Technology,382.14,18079295488,0.15286,0.204,0.092180006,576750016,86.23,0.516,0.65,17.172594,35.026585,5.2719874,413.85266,0.0,1.584
45,AME,"AMETEK, Inc.",Industrials,247.52,56746745856,0.14562,0.15,0.20044,1492221312,20.522,1.214,2.82,25.954445,36.187134,5.0392933,280.27777,0.55,0.962
45,CARR,Carrier Global Corporation,Industrials,55.83,46022070272,0.08966,0.039,0.055180002,861750016,91.998,1.02,1.07,16.853933,40.456524,3.5036085,75.27818,1.75,1.288
45,CLF,Cleveland-Cliffs Inc.,Basic Materials,12.19,6954882560,-0.13862,0.059,-0.045640003,6125000,132.743,1.89,0.43,14.209943,,1.2410915,12.6,0.0,2.093
45,CLX,The Clorox Company,Consumer Defensive,83.44,10090483712,1.6376,-0.02,0.087349996,110375000,2221.429,0.658,1.03,13.437541,17.347195,112.150536,99.58824,6.08,0.574
45,COIN,"Coinbase Global, Inc.",Financial Services,172.0,45379952640,-0.07847,-0.173,-0.16344,2668452864,50.982,2.423,1.8,60.630203,,3.468791,212.12424,0.0,3.409
45,COST,Costco Wholesale Corporation,Consumer Defensive,947.92,420051156992,0.28402,0.111,0.03043,6752750080,28.436,1.06,4.74,37.915676,45.660885,11.735894,1057.9429,0.62,0.87
45,CSX,CSX Corporation,Industrials,47.34,87696162816,0.24357,0.101,0.22208999,1953250048,138.068,0.82,1.68,20.746506,27.523256,6.2273083,52.79873,1.2,1.203
45,CUBE,CubeSmart,Real Estate,37.51,8490649088,0.12028,0.015,0.29334998,486035744,134.3,0.1,5.33,23.414188,25.691778,3.279706,43.625,5.69,1.043
45,EGP,"EastGroup Properties, Inc.",Real Estate,195.12,10492249088,0.08732,0.091,0.40567002,379368000,46.09,0.412,8.42,35.10451,34.23158,2.907032,227.85,3.67,1.02
45,EIX,Edison International,Utilities,54.3,20895399936,0.19734,-0.041,0.19281,82375000,228.042,0.662,2.42,8.3513155,5.597938,1.1976444,64.0,6.45,0.609
45,ELV,"Elevance Health, Inc.",Healthcare,400.94,86951575552,0.11133,0.014,0.02468,4306375168,68.953,1.518,1.32,13.572985,17.748562,1.9370393,451.4762,1.7,0.711
45,FN,Fabrinet,Technology,487.33,17463404544,0.21326,0.446,0.10192,-57873500,0.164,2.253,,22.367186,37.343292,7.115553,734.1111,0.0,1.223
45,FRT,Federal Realty Investment Trust,Real Estate,105.46,9219137536,0.12550999,0.072,0.32663,456137632,134.114,0.564,3.59,32.08885,21.305052,2.8591568,130.73685,4.41,0.935
45,ITW,Illinois Tool Works Inc.,Industrials,264.71,75389403136,1.04618,0.061,0.19393998,2432999936,334.853,1.109,2.43,21.373936,23.999094,26.049006,299.7857,2.63,0.975
45,KKR,KKR & Co. Inc.,Financial Services,89.56,82716762112,0.0728,0.078,0.12201,,69.812,0.856,0.38,12.152247,28.613417,2.8207874,124.82857,0.87,1.827
45,KIM,Kimco Realty Corporation,Real Estate,22.09,14817737728,0.05806,0.049,0.27759,871483392,84.993,0.971,3.37,24.544445,25.988235,1.4422826,26.70238,5.13,0.965
45,LIN,Linde plc,Basic Materials,481.7,222054154240,0.18400998,0.093,0.20435,4160750080,68.947,0.879,1.87,24.607014,31.097483,5.6818986,543.03845,1.32,0.713
45,LOW,"Lowe's Companies, Inc.",Consumer Cyclical,188.85,105955057664,,0.083,0.073460005,4615374848,,1.105,1.16,14.526923,15.963653,-14.245305,249.39394,2.75,0.878
45,MDLZ,"Mondelez International, Inc.",Consumer Defensive,60.67,77433610240,0.13340001,0.041,0.08862001,2252375040,82.643,0.599,0.88,18.041513,22.305145,2.9164062,69.0,3.5,0.391
45,MANH,"Manhattan Associates, Inc.",Technology,206.78,12056301568,0.96378,0.093,0.18667999,321116384,34.209,0.983,2.57,33.65998,59.41954,76.5285,220.7,0.0,0.952
45,NLY,"Annaly Capital Management, Inc.",Real Estate,18.27,13770362880,0.19567,4.794,0.90681,,737.543,0.558,32.03,5.8808765,4.4779415,0.9067897,23.68182,16.73,1.278
45,OKE,"ONEOK, Inc.",Energy,90.29,56919650304,0.16277,0.528,0.09287,899875008,143.07,0.737,1.66,14.473054,15.594128,2.4813807,101.2,4.86,0.798
45,PLD,"Prologis, Inc.",Real Estate,129.29,125681688576,0.07749,0.123,0.43575,5406941184,63.823,0.649,110.82,38.787037,28.73111,2.2479353,158.23077,3.36,1.324
45,PSN,Parsons Corporation,Technology,43.02,4594767872,0.082440004,-0.005,0.025020001,213456128,59.881,1.662,,12.581596,29.668964,1.7460124,58.72727,0.0,0.714
45,RGEN,Repligen Corporation,Healthcare,163.84,10402260992,0.0199,0.119,0.05291,113421752,32.715,9.05,1.67,61.839714,224.43834,4.377354,196.7,0.0,1.077
45,RVTY,"Revvity, Inc.",Healthcare,152.16,16978987008,0.03211,0.013,0.08158,604992128,46.225,1.8,0.73,25.815733,72.80383,2.3487644,138.86667,0.18,1.064
45,SAIC,Science Applications International Corporation,Technology,129.71,5434542592,0.25737,0.063,0.05134,505375008,188.37,1.204,,11.294501,15.135357,3.9195604,132.7,1.21,0.309
45,SMG,The Scotts Miracle-Gro Company,Basic Materials,50.43,2936048384,,0.011,0.02121,248500000,,1.215,0.7,10.72463,18.010715,-14.063023,74.16667,5.34,1.85
45,SNX,TD SYNNEX Corporation,Technology,267.46,21337292800,0.14932,0.377,0.01752,-1051633856,64.824,1.191,0.53,11.0116,16.308537,2.2732372,339.63635,0.71,1.371
44,ADM,Archer-Daniels-Midland Company,Consumer Defensive,82.45,39737565184,0.07642,0.072,0.021559998,1164625024,39.134,1.389,0.97,14.448461,22.589039,1.6858526,80.4,2.56,0.629
44,AMGN,Amgen Inc.,Healthcare,407.44,220275097600,0.91473,0.095,0.22951001,8645624832,490.281,1.371,2.49,16.645313,25.306831,18.845512,392.4955,2.44,0.407
44,APG,APi Group Corporation,Industrials,39.98,17277767680,0.10348,0.133,0.040999997,648625024,109.272,1.389,,20.068972,,4.729122,52.36364,0.0,1.576
44,ASH,Ashland Inc.,Basic Materials,70.69,3237133312,0.0399,0.073,0.02823,269124992,78.93,3.047,1.23,16.43705,45.314106,1.7310708,79.90909,2.38,0.4
44,BDX,"Becton, Dickinson and Company",Healthcare,182.75,49778692096,0.06607,0.054,0.0419,4478374912,68.84,0.865,1.11,13.738132,42.5,2.0387785,194.07692,2.33,0.279
44,CACI,CACI International Inc,Technology,599.4,13246498816,0.12824,0.176,0.055999998,610367104,120.656,1.484,514.23,15.926588,24.809605,2.9681938,730.2857,0.0,0.591
44,CTRE,"CareTrust REIT, Inc.",Real Estate,35.79,8456933888,0.09056,0.435,0.62194,-80309504,26.701,3.304,,20.289116,22.36875,1.8810112,44.61538,4.36,0.774
44,DLR,"Digital Realty Trust, Inc.",Real Estate,176.07,66495254528,0.02912,0.299,0.11825,3768482048,67.944,0.89,11.66,63.74544,85.47088,2.4397242,223.4375,2.7,1.011
44,DOC,"Healthpeak Properties, Inc.",Real Estate,18.52,13129703424,0.03039,0.111,0.08248,1645113088,108.653,2.286,4.32,132.28572,52.914288,1.6277026,22.94737,6.54,0.988
44,DTM,"DT Midstream, Inc.",Energy,123.76,12625413120,0.09901,0.11,0.35724998,128000000,68.543,1.372,,25.514002,27.080963,2.6418478,151.93333,2.87,0.738
44,EXR,Extra Space Storage Inc.,Real Estate,133.12,29379921920,0.06953,0.038,0.2728,1499437568,101.674,0.886,5.23,27.436787,29.38631,2.1213665,158.25,4.92,1.166
44,GPK,Graphic Packaging Holding Company,Consumer Cyclical,8.58,2540294144,0.060100004,-0.007,0.02246,237875008,176.151,1.379,3.33,8.000447,12.999999,0.7849954,11.71818,5.16,0.672
44,IP,International Paper Company,Consumer Cyclical,31.88,16882688000,-0.16479,-0.022,-0.14205,1646499968,68.509,1.098,1.58,10.521522,,1.1678083,46.36364,5.81,0.889
44,NCLH,Norwegian Cruise Line Holdings Ltd.,Consumer Cyclical,15.49,7112819712,0.3673,0.049,0.07492,-1680301312,621.051,0.2,1.26,9.438906,9.5617285,2.7645903,20.08,0.0,1.956
44,NTAP,"NetApp, Inc.",Technology,231.05,45382610944,1.14818,0.299,0.19184999,1171374976,169.498,1.242,2.61,20.711424,32.588154,30.289722,211.6875,0.88,1.45
44,OTIS,Otis Worldwide Corporation,Industrials,66.11,25166051328,,0.073,0.10167,1436249984,,0.831,1.49,14.5949135,16.994858,-4.3784356,86.53846,2.68,0.859
44,PAG,"Penske Automotive Group, Inc.",Consumer Cyclical,198.05,13004531712,0.15842,0.06,0.02814,218100000,160.647,0.975,1.96,13.78991,13.927567,2.2362611,209.375,2.97,0.911
44,PG,The Procter & Gamble Company,Consumer Defensive,150.59,349771235328,0.30290002,0.015,0.18437,13280874496,64.49,0.677,3.78,20.359573,22.747734,6.5625134,160.78261,2.95,0.377
44,PSA,Public Storage,Real Estate,285.52,53350064128,0.21929,0.033,0.41632998,2334240256,109.632,0.22,3.78,28.97521,27.270294,10.359566,335.05557,4.26,0.929
44,SANM,Sanmina Corporation,Technology,210.48,11281171456,0.12488,0.697,0.02414,-222215744,88.161,1.78,0.75,15.123569,37.65295,4.40722,260.0,0.0,1.607
44,SKYD,Skydance Corporation,Communication Services,9.28,46791409664,-0.00896,0.009,-0.021329999,17593124864,126.479,1.04,1.0,14.806778,,,9.85938,2.25,1.547
44,SYF,Synchrony Financial,Financial Services,73.72,23986339840,0.20786,0.006,0.35507,,,,0.88,7.0451674,7.5455475,1.5781474,88.16667,1.89,1.339
44,TDG,TransDigm Group Incorporated,Industrials,1089.3,60212719616,,0.225,0.21277,1457374976,,3.019,3.05,22.543322,33.039127,-6.4849324,1470.55,0.0,0.935
44,TJX,"The TJX Companies, Inc.",Consumer Cyclical,138.75,152621400064,0.62171,0.054,0.09729,4398125056,134.419,1.147,2.46,24.032133,25.694445,14.7386875,169.8,1.38,0.561
44,TSN,"Tyson Foods, Inc.",Consumer Defensive,52.34,18413291520,0.03263,-0.001,0.01031,1191250048,44.025,1.433,1.04,12.869342,32.308643,1.0184861,63.41667,3.95,0.395
43,ARMK,Aramark,Industrials,55.54,14641734656,0.11694,0.093,0.01929,374142496,186.724,1.285,0.86,19.748539,38.839165,4.3127813,68.5,0.87,1.195
43,BAC,Bank of America Corporation,Financial Services,53.61,374881255424,0.111990005,0.168,0.29524,,,,0.84,10.221943,12.3810625,1.3626659,67.0,2.39,1.214
43,CCI,Crown Castle Inc.,Real Estate,68.89,30104930304,,-0.049,0.20716,1036249984,,0.522,0.54,23.755663,28.004065,-8.974727,94.44762,6.16,0.961
43,CG,The Carlyle Group Inc.,Financial Services,38.39,13679616000,0.077659994,-0.329,0.13012,,197.617,1.808,0.62,7.6345744,39.577316,2.5879736,54.89474,3.7,1.874
43,CHD,"Church & Dwight Co., Inc.",Consumer Defensive,97.73,23181938688,0.17041,0.016,0.119569995,939262528,55.851,1.147,2.72,24.21571,31.32372,5.330243,104.84211,1.27,0.482
43,COHR,Coherent Corp.,Technology,302.35,59209879552,0.07981,0.337,0.11309,-649981632,31.612,2.427,0.92,21.52639,73.385925,5.428187,412.52014,0.0,2.113
43,ETN,Eaton Corporation plc,Industrials,424.51,164879695872,0.19684,0.214,0.12752,3106125056,105.059,1.24,2.62,26.129965,43.18515,8.140641,482.895,1.02,1.128
43,HLI,"Houlihan Lokey, Inc.",Financial Services,125.53,8772851712,0.17794001,-0.155,0.16077,,20.846,1.664,,14.538526,21.06208,3.8911967,152.625,2.24,1.006
43,IQV,IQVIA Holdings Inc.,Healthcare,258.88,42611650560,0.22818,0.087,0.08096,2149750016,257.975,0.706,0.94,17.951786,32.159004,6.9051237,293.73685,0.0,1.174
43,KEY,KeyCorp,Financial Services,20.1,21449285632,0.1033,0.101,0.2754,,,,1.29,9.340626,11.686047,1.245662,25.105,4.14,1.087
43,KNF,Knife River Corporation,Basic Materials,52.27,2967023872,0.09122,0.126,0.042290002,-3501250,103.908,2.665,1.62,14.948508,21.247967,1.847584,84.375,0.0,0.599
43,KRC,Kilroy Realty Corporation,Real Estate,34.19,4015360768,0.03431,-0.06,0.1547,718001472,85.616,1.103,1.82,100.558815,23.90909,0.76089376,40.07143,6.35,1.185
43,KO,The Coca-Cola Company,Consumer Defensive,87.77,377634717696,0.42054,0.067,0.28558,5218749952,115.519,1.305,3.9,24.901197,26.357357,10.447565,94.43478,2.47,0.318
43,LAMR,Lamar Advertising Company,Real Estate,145.7,14795788288,0.59433,0.065,0.23905,558694400,500.114,0.627,2.2,22.484568,26.587591,15.06566,162.2,4.61,1.23
43,LFUS,"Littelfuse, Inc.",Technology,425.3,10802086912,-0.0030899998,0.204,-0.00308,364767136,27.093,2.761,2.1,21.08577,,4.125161,496.25,0.74,1.482
43,LITE,Lumentum Holdings Inc.,Technology,1048.6,94985183232,-2.40027,1.093,-2.3009598,224700000,35.987,1.678,0.63,29.483273,,20.006104,1161.9557,0.0,1.536
43,MET,"MetLife, Inc.",Financial Services,98.47,62575415296,0.13094,0.105,0.04567,-20953999360,179.933,2.027,0.51,8.856546,18.863985,2.2885098,107.1875,2.47,0.775
43,NTRS,Northern Trust Corporation,Financial Services,168.5,30828025856,0.17066,0.364,0.2467,,,,0.95,13.112943,14.4759445,2.4629462,181.7143,1.95,1.253
43,NWS,News Corporation,Communication Services,31.92,17204652032,0.07979,0.108,0.06347,1045124992,31.561,1.623,2.83,21.115023,30.990292,2.0345464,,0.63,0.976
43,SHW,The Sherwin-Williams Company,Basic Materials,321.03,77932650496,0.65124,0.075,0.11013,2506037504,389.958,0.727,2.03,23.650013,29.588017,20.098291,386.30435,1.02,1.083
43,SNPS,"Synopsys, Inc.",Technology,497.75,95387140096,0.03661,0.424,0.11432999,3425542400,34.804,1.337,2.69,26.78522,87.941696,3.0614378,570.5712,0.0,1.208
43,STWD,"Starwood Property Trust, Inc.",Real Estate,12.75,4842054144,0.03689,0.134,0.38158,,331.119,12.868,1.74,6.760411,21.25,0.7271172,19.875,15.17,1.052
43,UNH,UnitedHealth Group Incorporated,Healthcare,370.95,332962824192,0.14152999,0.004,0.03135,24272250880,69.211,0.777,1.02,16.40632,23.855307,3.4100626,481.72,2.47,0.615
42,ARE,"Alexandria Real Estate Equities, Inc.",Real Estate,45.6,7847544320,-0.040760003,-0.119,-0.36078998,1344973952,68.67,2.35,3.24,-56.296295,,0.5005324,52.57143,6.37,1.178
42,CASY,"Casey's General Stores, Inc.",Consumer Cyclical,642.28,23738777600,0.19983,0.243,0.041389998,503306880,70.547,1.019,2.81,27.385885,30.938345,5.8015685,790.5263,0.41,0.585
42,CL,Colgate-Palmolive Company,Consumer Defensive,88.1,70230925312,2.67367,0.049,0.096829996,3458374912,1388.163,1.026,1.59,21.498186,34.68504,297.63513,98.35,2.43,0.322
42,COKE,"Coca-Cola Consolidated, Inc.",Consumer Defensive,191.86,12771025920,0.97331,0.106,0.0715,443481760,,1.211,3.04,4.9270673,25.479416,-25.53707,,0.53,0.539
42,CRBG,"Corebridge Financial, Inc.",Financial Services,34.45,15356729344,0.07139,0.259,0.046479996,642249984,127.231,1.223,,6.0056868,21.666666,1.5117606,39.83333,2.91,1.004
42,ECL,Ecolab Inc.,Basic Materials,281.69,78965768192,0.21956,0.097,0.12566,1474824960,138.023,1.841,2.51,29.946953,37.81074,7.8530807,325.0476,1.05,0.879
42,ENTG,"Entegris, Inc.",Technology,162.19,24782632960,0.07671,0.115,0.091850005,477787488,85.655,3.049,1.45,32.24556,81.095,5.9589243,175.58333,0.24,1.401
42,FLR,Fluor Corporation,Industrials,51.01,6822131200,-0.45167,0.088,-0.12848,21500000,38.492,1.796,1.1,15.154125,,2.574572,61.6875,0.0,1.28
42,HBAN,Huntington Bancshares Incorporated,Financial Services,15.37,31053776896,0.09002,0.476,0.26131,,,,1.81,8.715721,11.823077,1.0440867,19.165,4.09,0.972
42,HAE,Haemonetics Corporation,Healthcare,119.47,5435532800,0.111999996,0.056,0.07122,312840000,140.265,3.08,1.61,20.679674,57.714977,6.4897604,118.0,0.0,0.608
42,HUM,Humana Inc.,Healthcare,387.12,46485487616,0.06893,0.262,0.00878,1940999936,76.485,1.742,1.33,23.218225,36.58979,2.4194849,430.69565,0.89,0.744
42,ILMN,"Illumina, Inc.",Healthcare,264.57,39950069760,0.32339,0.094,0.18336001,797625024,89.042,1.796,3.3,43.24205,49.360073,14.076616,232.15,0.0,1.416
42,KRG,Kite Realty Group Trust,Real Estate,24.08,4941132288,0.10738,-0.08,0.41806,152751120,96.238,0.929,3.14,70.82353,15.05,1.6814468,30.4,4.88,0.865
42,LYB,LyondellBasell Industries N.V.,Basic Materials,60.34,19492110336,-0.02269,0.198,-0.01132,1228000000,132.759,1.641,1.53,9.704039,,1.8264371,67.94118,4.72,0.346
42,OPCH,"Option Care Health, Inc.",Healthcare,31.05,4651087360,0.15999,0.019,0.03681,256067872,100.649,1.465,1.49,14.907387,23.522726,3.6911554,30.39375,0.0,0.582
42,PWR,"Quanta Services, Inc.",Industrials,685.33,103034839040,0.15337,0.411,0.04032,1955491328,67.78,1.098,1.57,34.658245,78.50287,10.685575,766.0062,0.06,1.267
42,SRE,Sempra,Utilities,80.08,52364341248,0.06679,-0.001,0.16824,-27657750528,84.663,1.642,0.7,14.455552,23.144508,1.6017282,99.91667,3.3,0.56
42,SWKS,"Skyworks Solutions, Inc.",Technology,80.75,18989619200,0.05094,-0.031,0.072270006,448812512,11.869,3.101,11.81,14.176615,41.83938,2.1178663,75.64706,0.0,1.478
42,SYNA,Synaptics Incorporated,Technology,119.08,4727641600,-0.42229998,0.089,-0.40995997,149650000,94.33,1.122,0.51,18.104666,,5.0044127,129.33333,0.0,1.961
42,UDR,"UDR, Inc.",Real Estate,33.57,12332417024,0.13739,-0.001,0.29563,779827776,156.144,0.178,8.17,59.946426,21.246834,3.72462,41.2619,5.22,0.707
42,XPO,"XPO, Inc.",Industrials,181.95,21303881728,0.21587,0.132,0.047119997,473750016,206.167,1.011,1.74,27.800993,53.5147,10.858149,225.91304,0.0,1.71
42,XYZ,"Block, Inc.",Technology,75.23,45197811712,0.01612,0.093,0.01426,-27105876,32.58,2.209,0.58,14.475827,134.3393,2.0499754,98.38738,0.0,2.553
41,AAL,American Airlines Group Inc.,Industrials,12.8,8473214976,,0.163,-0.00559,519249984,,0.534,0.11,9.007614,,-2.132978,15.92609,0.0,1.376
41,CNC,Centene Corporation,Healthcare,64.54,31882438656,-0.20358999,0.046,-0.02829,9639624704,71.082,1.145,0.78,12.068604,,1.4130887,71.77778,0.0,1.13
41,CNH,CNH Industrial N.V.,Industrials,12.13,19506964480,0.03914,0.02,0.0171,563124992,335.044,4.883,0.34,17.704151,48.52,1.9358443,14.09684,0.8,1.264
41,EMR,Emerson Electric Co.,Industrials,159.06,88723668992,0.128,0.07,0.13828,3706249984,67.677,0.896,1.84,21.882687,34.80525,4.3536334,173.6782,1.39,1.207
41,EQIX,"Equinix, Inc.",Real Estate,1011.16,99772858368,0.10735,0.167,0.15479,3785999872,162.217,1.129,2.9,54.576168,65.06821,6.9372993,1234.1936,2.0,0.97
41,HGV,Hilton Grand Vacations Inc.,Consumer Cyclical,34.56,2686146560,0.11456,0.062,0.0321,-127000000,624.086,4.814,,6.518947,19.636364,2.4467258,54.36364,0.0,1.612
41,IRT,"Independence Realty Trust, Inc.",Real Estate,14.64,3538286080,0.0125899995,0.03,0.06421,186066880,70.156,0.588,,183.00002,81.33333,1.0255692,19.26923,4.99,0.979
41,KD,"Kyndryl Holdings, Inc.",Technology,11.88,2587681024,0.069299996,-0.033,0.0058099995,2652624896,422.451,0.848,,4.7691116,32.10811,2.4359238,14.2,0.0,1.729
41,MCD,McDonald's Corporation,Consumer Cyclical,236.9,167640268800,,0.037,0.3172,6262374912,,1.081,2.44,17.20924,19.244516,-163.83125,292.2069,3.34,0.447
41,MEDP,"Medpace Holdings, Inc.",Healthcare,602.7,16822354944,1.6215401,0.172,0.17665,510396512,33.216,0.732,2.87,31.198334,35.390488,38.77131,594.53845,0.0,1.181
41,MSCI,MSCI Inc.,Financial Services,561.67,40833409024,,0.122,0.40735,1194705920,,0.894,1.89,24.957565,30.69235,-15.182732,689.2941,1.48,1.237
41,OC,Owens Corning,Industrials,117.2,9264504832,-0.094510004,0.003,-0.06814,869500032,150.328,1.16,1.51,10.016357,,2.4546044,157.4375,2.76,1.318
41,OKTA,"Okta, Inc.",Technology,220.21,38497316864,0.043130003,0.106,0.09632,1037625024,0.76,1.525,1.56,50.293713,132.65663,5.5208464,212.24907,0.0,0.733
41,ONB,Old National Bancorp,Financial Services,24.73,9460955136,0.106079996,0.288,0.33310002,,,,1.59,8.567172,10.942478,1.1324816,29.6,2.38,0.861
41,PNFP,"Pinnacle Financial Partners, Inc.",Financial Services,94.67,14305832960,0.07648,1.37,0.24855,,,,1.41,8.237625,13.039945,1.0141729,119.13636,2.15,1.031
41,TSCO,Tractor Supply Company,Consumer Cyclical,33.48,17444423680,0.39513,0.023,0.06425,103175000,248.71,1.334,2.05,16.38077,17.4375,6.6626863,35.48148,2.95,0.514
41,ZION,"Zions Bancorporation, National Association",Financial Services,62.73,9155654656,0.16404,0.352,0.3176,,,,3.36,9.2044525,7.9910827,1.2022078,73.13636,3.1,0.831
40,AHR,"American Healthcare REIT, Inc.",Real Estate,50.44,10995857408,0.03951,0.247,0.048309997,396683008,41.888,1.314,,50.949493,75.28358,2.6579545,64.4,2.03,0.8
40,BBY,"Best Buy Co., Inc.",Consumer Cyclical,88.4,18539929600,0.43126,0.036,0.03014,1403374976,130.097,1.117,1.66,12.255293,14.708818,5.843469,86.95,4.54,1.282
40,BIIB,Biogen Inc.,Healthcare,218.43,32273905664,0.04575,0.034,0.083229996,1266987520,44.329,1.865,2.29,13.221594,38.797512,1.7116996,238.0529,0.0,0.092
40,C,Citigroup Inc.,Financial Services,128.08,214846111744,0.08529,0.155,0.21832001,,,,0.6,9.897937,13.831533,1.1162823,152.61905,2.1,1.111
40,COLB,"Columbia Banking System, Inc.",Financial Services,28.53,8071201792,0.11028,0.351,0.28383,,,,,8.620742,11.188236,1.0684193,33.64286,5.24,0.69
40,CRWD,"CrowdStrike Holdings, Inc.",Technology,263.01,269305118720,0.01461,0.258,0.00834,1995385472,15.958,1.57,6.85,163.7763,5260.2,52.78146,238.97,0.0,1.197
40,DRI,"Darden Restaurants, Inc.",Consumer Cyclical,200.52,22687479808,0.55431,0.051,0.08845,794787520,415.302,0.298,2.06,16.171137,19.46796,10.983786,233.44,3.22,0.618
40,ES,Eversource Energy,Utilities,65.69,24743766016,0.09016,0.023,0.10354,811961344,180.7,0.8,2.23,13.320896,17.018135,1.5139782,73.33333,4.83,0.679
40,INTC,Intel Corporation,Technology,107.08,566036135936,-0.10715,0.254,-0.19794,4866375168,48.997,1.604,1.36,51.414772,,6.1685586,118.04651,0.0,2.23
40,MAA,"Mid-America Apartment Communities, Inc.",Real Estate,116.19,13822403584,0.0705,0.01,0.18173,921182272,102.377,0.048,7.03,35.428425,33.973682,2.4806252,141.4,5.36,0.732
40,PFE,Pfizer Inc.,Healthcare,27.82,158564925440,0.05014,0.026,0.06804,12485624832,74.253,1.267,12.81,9.603568,36.605263,1.8611186,29.10577,6.14,0.276
40,RCL,Royal Caribbean Cruises Ltd.,Consumer Cyclical,281.41,75263688704,0.44669998,0.065,0.23541,-1516249984,224.816,0.209,1.14,13.772646,17.370987,7.352703,351.25925,2.13,1.822
40,SOLS,"Solstice Advanced Materials, Inc.",Basic Materials,60.23,9567377408,0.112629995,0.111,0.05128,-27375000,152.771,1.459,0.52,17.841167,45.628784,6.032048,79.22222,0.5,
40,TLN,Talen Energy Corporation,Utilities,359.22,16991106048,-0.12825,1.112,-0.049450003,1261750016,584.137,0.781,,11.680159,,10.647657,455.64706,0.0,1.617
39,ABBV,AbbVie Inc.,Healthcare,272.42,481398128640,,0.102,0.098000005,16870250496,,0.809,0.55,16.752226,76.9548,-81.101524,281.5,2.55,0.228
39,DIS,The Walt Disney Company,Communication Services,107.02,184790024192,0.0801,0.068,0.086990006,4860375040,39.404,0.709,3.41,14.316884,22.065979,1.6826514,126.45781,1.43,1.417
39,FLG,"Flagstar Bank, National Association",Financial Services,11.35,4711303680,0.0059100003,0.153,0.023629999,,,,0.78,8.7087965,378.33334,0.61977834,15.58824,0.35,1.052
39,GBCI,"Glacier Bancorp, Inc.",Financial Services,42.98,5596509696,0.07946,0.415,0.27603,,,,1.75,12.044849,17.687243,1.2974703,55.33333,3.27,0.766
39,JCI,Johnson Controls International plc,Industrials,154.0,93284179968,0.14332,0.093,0.14319,2984124928,70.107,1.0,1.78,25.235891,43.502827,6.9191713,166.9,1.03,1.28
39,L,Loews Corporation,Financial Services,107.6,21996421120,0.09313,0.039,0.09024,1262000000,44.609,0.507,1.32,37.103447,13.186275,1.1505806,,0.24,0.503
39,NEE,"NextEra Energy, Inc.",Utilities,77.37,161392148480,0.11677,0.124,0.32401,-17766875136,161.676,0.534,1.57,17.624228,17.386518,2.82496,97.05263,3.23,0.639
39,PEG,Public Service Enterprise Group Incorporated,Utilities,71.84,35806494720,0.11835,-0.089,0.16041,107750000,142.409,0.877,3.39,15.375329,17.870646,2.0645456,84.47222,3.74,0.518
39,RF,Regions Financial Corporation,Financial Services,27.07,23061731328,0.118669994,0.034,0.30837,,,,1.4,9.504549,11.048979,1.3212612,31.84048,4.1,1.06
39,TGT,Target Corporation,Consumer Defensive,154.76,70306963456,0.26408002,0.053,0.04078,3432999936,107.583,0.988,2.07,16.208578,16.070612,3.9402194,164.67647,3.07,0.981
39,USB,U.S. Bancorp,Financial Services,57.03,88855674880,0.12623,0.104,0.29896,,,,1.68,9.8129635,11.383233,1.4656523,69.0,3.85,1.019
38,AES,The AES Corporation,Utilities,14.93,10651639808,0.095740005,0.199,0.1434,-3089125120,256.886,0.746,0.81,6.2982492,5.59176,2.1544013,15.0,4.71,0.954
38,BAX,Baxter International Inc.,Healthcare,23.9,12356204544,-0.14371,0.053,-0.09268,1000374976,156.449,1.946,36.68,11.718098,,1.991003,27.91667,0.17,0.651
38,BTSG,"BrightSpring Health Services, Inc.",Healthcare,63.66,12596037632,0.13036,0.23,0.02547,1028438976,116.007,1.588,,27.942745,56.336285,6.4024944,78.94118,0.0,1.878
38,DE,Deere & Company,Industrials,652.58,175952150528,0.18242,0.049,0.10168,4516250112,230.298,2.132,1.52,28.621038,36.274597,6.286232,693.57306,0.99,0.872
38,DOW,Dow Inc.,Basic Materials,28.59,20651722752,-0.0554,0.197,-0.03129,237624992,111.913,1.749,38.89,16.569494,,1.3021498,33.625,5.04,0.409
38,FCX,Freeport-McMoRan Inc.,Basic Materials,71.14,102158286848,0.14755,-0.073,0.113850005,2159249920,32.149,2.066,4.49,16.575102,35.044334,5.08034,77.13636,0.84,1.389
38,FND,"Floor & Decor Holdings, Inc.",Consumer Cyclical,46.5,4951783424,0.09694,0.03,0.04927,140193248,80.645,1.333,,21.184319,21.728971,1.9913495,58.36364,0.0,1.598
38,GXO,"GXO Logistics, Inc.",Industrials,46.36,5316776960,0.04502,0.043,0.0095999995,340624992,202.482,0.789,1.14,13.109043,41.02655,1.7812957,68.58824,0.0,1.57
38,HSIC,"Henry Schein, Inc.",Healthcare,84.63,9431720960,0.088549994,0.067,0.02963,446000000,80.733,1.319,1.67,14.144912,24.673468,3.0001063,97.26667,0.0,0.843
38,KBH,KB Home,Consumer Cyclical,44.37,2697696000,0.05908,-0.2,0.04393,,55.482,6.177,5.97,11.9089155,12.498591,0.71647716,53.07143,2.27,1.337
38,JPM,JPMorgan Chase & Co.,Financial Services,331.42,880976134144,0.17789,0.304,0.34921002,,,,1.52,13.192174,14.199657,2.4917486,372.68182,2.0,1.015
38,KMI,"Kinder Morgan, Inc.",Energy,32.25,71814373376,0.109910004,0.108,0.19305,1075000064,98.619,0.458,3.25,20.880003,20.806452,2.2684112,36.09091,3.71,0.583
38,KTOS,"Kratos Defense & Security Solutions, Inc.",Industrials,41.93,7871155200,0.011469999,0.305,0.020299999,-118287504,5.65,5.541,36.41,37.889126,246.64706,2.2948935,100.5,0.0,1.107
38,KR,The Kroger Co.,Consumer Defensive,61.41,36268048384,0.14442,0.02,0.0072600003,2535500032,413.24,0.702,0.57,11.161274,34.11667,6.2669663,68.31818,2.63,0.353
38,PK,Park Hotels & Resorts Inc.,Real Estate,15.21,3062356224,-0.04859,0.01,-0.064050004,1068875008,135.246,0.297,0.65,27.857143,,0.9911378,16.05882,6.58,1.368
38,SBAC,SBA Communications Corporation,Real Estate,170.01,18036039680,,0.023,0.34512,752056384,,0.165,9.89,20.782423,18.339804,-3.8955593,226.2,2.93,0.994
38,TFC,Truist Financial Corporation,Financial Services,46.18,56414699520,0.09059,0.082,0.30692,,,,1.03,9.25247,10.616093,0.9613223,54.03421,4.56,0.906
38,TTWO,"Take-Two Interactive Software, Inc.",Communication Services,209.37,39148093440,-0.09039,0.02,-0.04792,1256137472,81.607,1.062,2.79,20.34265,,10.850435,286.4417,0.0,0.974
38,UNM,Unum Group,Financial Services,92.64,14665541632,0.06351,0.003,0.052649997,-2231912448,36.878,17.258,1.03,9.824924,21.64486,1.3567067,101.84615,2.17,0.241
37,AGNC,AGNC Investment Corp.,Real Estate,8.68,10289979392,0.19799,,0.94377,,717.093,0.192,3.48,5.824096,4.4285717,0.95563143,10.83333,17.0,1.342
37,BJ,"BJ's Wholesale Club Holdings, Inc.",Consumer Defensive,99.04,12510206976,0.27673,0.157,0.02606,246668752,126.207,0.73,2.08,19.706392,21.671772,5.6991596,105.8,0.0,0.166
37,BXP,"BXP, Inc.",Real Estate,59.32,10729649152,0.05308,0.037,0.09304,880636864,211.631,0.506,2.21,27.201653,31.892473,1.8356231,75.95,4.71,1.054
37,DOCN,"DigitalOcean Holdings, Inc.",Technology,123.9,14568107008,0.62273,0.286,0.23265,-23832624,212.506,1.311,1.54,67.27736,57.09677,13.977888,175.2,0.0,1.701
37,MRK,"Merck & Co., Inc.",Healthcare,142.38,351275909120,0.06961,0.051,0.047659997,15171500032,128.408,1.323,2.61,15.131067,113.00001,8.382197,157.28,2.38,0.222
37,MTB,M&T Bank Corporation,Financial Services,217.56,31419199488,0.10742,0.062,0.32092,,,,1.28,10.344109,11.498942,1.2359257,251.775,2.77,0.615
37,PB,"Prosperity Bancshares, Inc.",Financial Services,66.69,8014588928,0.07071,0.259,0.40417,,,,4.18,9.054154,11.538062,0.80816776,80.21429,3.64,0.678
37,REXR,"Rexford Industrial Realty, Inc.",Real Estate,37.23,8512060928,-0.047280002,-0.016,-0.39163,341792384,41.445,0.344,1.88,37.700504,,1.1208453,40.375,4.81,1.196
37,SITM,SiTime Corporation,Technology,645.06,19323107328,0.013259999,1.265,0.03012,24747500,129.419,19.445,3.82,43.23128,1151.8928,16.683737,849.5,0.0,2.885
37,SUI,"Sun Communities, Inc.",Real Estate,111.8,14126231552,0.01722,0.002,-0.37355,1873449984,72.848,0.597,9.42,34.88811,84.69697,2.4814668,137.78947,4.04,0.764
37,YUM,"Yum! Brands, Inc.",Consumer Cyclical,143.0,39024857088,,0.122,0.25406998,833249984,,0.592,1.8,20.522976,18.010075,-5.407654,171.06364,2.14,0.546
36,ACI,"Albertsons Companies, Inc.",Consumer Defensive,12.34,5988919296,0.02717,0.002,0.00079,1753387520,973.585,0.842,1.22,6.6715684,72.588234,3.739394,14.1875,5.79,0.227
36,ASB,Associated Banc-Corp,Financial Services,28.76,5431316480,0.096949995,0.235,0.32459998,,,,1.78,8.525018,10.020906,0.9844258,34.2,3.38,0.81
36,AVAV,"AeroVironment, Inc.",Industrials,137.6,6992929280,-0.04597,0.057,-0.10127,-25920876,19.354,4.26,1.57,30.847454,,1.5849066,216.6285,0.0,1.364
36,CEG,Constellation Energy Corporation,Utilities,285.07,101002412032,0.15055001,0.23,0.110810004,-6625124864,76.419,1.455,3.74,21.401396,27.866081,3.1674798,341.532,0.57,1.129
36,EXC,Exelon Corporation,Utilities,41.73,42992496640,0.09711,0.099,0.10989001,-2685125120,177.362,1.088,2.23,13.734653,15.341911,1.4504693,48.52941,4.05,0.402
36,ESS,"Essex Property Trust, Inc.",Real Estate,268.58,18513993728,0.0771,0.031,0.20893,1043926720,122.409,0.249,7.02,42.63418,41.76983,3.2427015,304.07,3.86,0.715
36,FNB,F.N.B. Corporation,Financial Services,17.28,6099856896,0.0904,0.068,0.34615,,,,1.05,9.146439,10.285715,0.8933464,20.72222,3.05,0.886
36,MAR,"Marriott International, Inc.",Consumer Cyclical,361.08,94157488128,,0.111,0.35029998,2060375040,,0.535,1.78,27.442528,37.37888,-20.890997,380.8,0.82,1.167
36,PANW,"Palo Alto Networks, Inc.",Technology,398.5,325972983808,0.01739,0.345,0.02674,4240624896,9.337,0.871,2.07,81.67541,996.25,11.813357,396.92,0.0,0.933
36,RSG,"Republic Services, Inc.",Industrials,216.84,66399223808,0.18152,0.046,0.12942,1942625024,118.798,0.644,2.78,26.902122,30.757446,5.5147505,245.125,1.24,0.397
36,SJM,The J. M. Smucker Company,Consumer Defensive,119.41,12755757056,0.03931,0.05,0.02506,1464337536,120.682,0.87,2.17,10.9332,55.799065,2.218115,142.125,3.86,0.266
36,STT,State Street Corporation,Financial Services,175.09,48097529856,0.12437,0.184,0.23005,,,,0.64,11.352481,15.440035,2.0123436,199.03333,2.11,1.418
36,TECH,Bio-Techne Corporation,Healthcare,72.45,11361480704,0.09032,0.013,0.14968,229653120,13.712,4.547,2.11,31.328644,62.456894,5.3642826,70.5,0.44,1.295
36,TSLA,"Tesla, Inc.",Consumer Cyclical,375.0,1481080307712,0.046669997,0.255,0.03671,4835999744,18.373,1.941,4.52,174.84636,347.2222,17.049328,392.42215,0.0,1.916
36,UMBF,UMB Financial Corporation,Financial Services,130.39,9903124480,0.12309,0.122,0.33501,,,,2.54,9.365772,10.847754,1.3385414,164.125,1.56,0.834
35,AVT,"Avnet, Inc.",Technology,99.56,8187102720,0.06665,0.477,0.0121,-129337000,69.205,1.777,2.65,9.0126705,24.827929,1.6270899,106.25,1.44,1.082
35,BNY,The Bank of New York Mellon Corporation,Financial Services,143.61,97439981568,0.14124,0.131,0.29413998,,,,1.08,13.944424,16.757294,2.441475,163.46667,1.56,1.051
35,CFG,"Citizens Financial Group, Inc.",Financial Services,64.09,26993219584,0.08270001,0.147,0.26051,,,,1.65,9.836317,13.962962,1.1253533,78.60526,2.92,1.062
35,CAR,"Avis Budget Group, Inc.",Industrials,110.0,3885832704,,-0.013,-0.05431,1093124992,,0.848,0.17,18.194118,,-1.1461079,122.85714,0.0,2.113
35,CNP,"CenterPoint Energy, Inc.",Utilities,38.42,25308030976,0.09825,0.107,0.11611,-5191875072,210.256,1.123,1.95,18.405054,22.733727,2.159276,44.52941,2.49,0.459
35,FITB,Fifth Third Bancorp,Financial Services,50.7,45979451392,0.08438,0.518,0.23239,,,,1.59,10.24081,17.070707,1.4229981,61.71429,3.35,0.986
35,FHN,First Horizon Corporation,Financial Services,23.31,11043744768,0.11453,0.09,0.30191,,,,1.76,10.053914,11.206731,1.3017982,27.2619,2.96,0.627
35,GILD,"Gilead Sciences, Inc.",Healthcare,147.1,182397419520,-0.2068,0.102,-0.10637999,9768875008,223.465,1.265,2.18,14.874949,,15.43223,159.38461,2.23,0.332
35,HIMS,"Hims & Hers Health, Inc.",Healthcare,28.06,6546774016,-0.32033002,0.382,-0.05509,849437248,477.128,0.934,2.69,38.059845,,20.201582,31.15385,0.0,2.432
35,HOG,"Harley-Davidson, Inc.",Consumer Cyclical,26.75,2783939584,0.06093,-0.059,0.0478,110030248,74.04,1.903,2.1,13.361772,14.697802,0.898284,27.9,2.78,1.316
35,HONA,Honeywell Aerospace Inc.,Industrials,154.01,48813887488,,0.054,0.10862,,,1.526,0.98,17.201881,46.954266,-8.568487,202.53333,0.0,
35,IBKR,"Interactive Brokers Group, Inc.",Financial Services,86.47,147328925696,0.24018998,0.263,0.16474001,,205.748,1.093,1.42,26.560797,34.31349,6.599252,105.18571,0.4,1.37
35,JEF,Jefferies Financial Group Inc.,Financial Services,44.4,9030604800,,0.085,0.10717,,364.763,,1.07,9.820749,12.197803,0.85461867,55.66667,3.62,1.544
35,MOH,"Molina Healthcare, Inc.",Healthcare,195.76,10218672128,-0.0016,-0.057,-0.00016000001,700249984,94.773,1.679,0.9,20.08821,2175.111,2.4405327,209.11765,0.0,0.784
35,NJR,New Jersey Resources Corporation,Utilities,51.01,5175879680,0.14453,0.168,0.16423,-259436368,146.778,0.661,2.14,14.794899,14.130194,1.9568803,59.85714,3.92,0.499
35,PNC,"The PNC Financial Services Group, Inc.",Financial Services,219.68,87639941120,0.12623,0.236,0.31366,,,,1.53,10.236729,12.096916,1.5096828,270.2857,3.67,0.931
35,SSB,SouthState Bank Corporation,Financial Services,100.57,9752728576,0.105979994,-0.001,0.35508,,,,1.45,9.687247,10.564075,1.0679963,119.0,2.67,0.775
34,ATO,Atmos Energy Corporation,Utilities,160.66,27149703168,0.09792,0.048,0.28496,-2220956928,67.662,0.814,1.92,17.790545,19.148987,1.7793382,185.0,2.51,0.567
34,BIO,"Bio-Rad Laboratories, Inc.",Healthcare,360.4,9636438016,0.0311,-0.001,0.085889995,283187488,19.103,3.142,4.01,36.342846,45.678074,1.3432574,328.33334,0.0,1.068
34,BRKR,Bruker Corporation,Healthcare,57.92,8824650752,-0.029979998,0.052,-0.020350002,179937504,76.164,1.847,1.52,24.009186,,3.705457,63.66667,0.33,1.223
34,CAVA,"CAVA Group, Inc.",Consumer Cyclical,54.31,6343745024,0.083229996,0.313,0.04822,-721500,61.899,2.483,4.55,72.77429,98.74545,7.540961,82.0,0.0,1.807
34,ECHO,EchoStar Corporation,Communication Services,93.36,27150567424,-0.33428,-0.04,-0.38712,-18870501376,123.757,5.201,1.33,4.107347,,1.9156663,128.66667,0.0,0.992
34,GPC,Genuine Parts Company,Consumer Cyclical,128.17,17669484544,0.0070700003,0.06,0.00131,917241984,146.415,1.159,1.32,15.416276,512.68,3.903932,139.22221,3.39,0.677
34,HOMB,"Home BancShares, Inc.",Financial Services,28.48,5697413632,0.11106,0.086,0.43603,,,,3.01,10.949003,11.768595,1.2554551,33.25,3.05,0.717
34,HOOD,"Robinhood Markets, Inc.",Financial Services,107.01,96210796544,0.23618999,0.323,0.42011002,,240.279,1.116,1.86,31.13308,47.140972,10.147938,134.32643,0.0,2.354
34,HR,Healthcare Realty Trust Incorporated,Real Estate,17.19,5964892160,-0.019199999,-0.043,-0.07571,493022368,103.031,0.342,8.82,245.57144,,1.3969932,21.41667,5.69,0.836
34,MP,MP Materials Corp.,Basic Materials,46.14,8217607168,-0.03585,1.197,-0.14563,-432948864,41.402,9.51,,57.81665,,4.1972165,72.70588,0.0,1.99
34,OZK,Bank OZK,Financial Services,44.86,4891427328,0.113290004,-0.021,0.44533002,,,,2.76,7.4070163,7.4026403,0.823618,53.77778,4.5,0.908
34,P,"Everpure, Inc.",Technology,150.57,50174029824,0.17714001,0.377,0.05943,-114351752,14.622,1.511,1.76,35.668514,206.26028,32.56976,147.6842,0.0,1.396
34,PII,Polaris Inc.,Consumer Cyclical,52.81,3005075200,-0.25571,0.088,-0.03464,277100000,244.899,1.2,3.34,15.532764,,3.5922728,71.46667,5.15,1.336
34,TCBI,"Texas Capital Bancshares, Inc.",Financial Services,92.39,4016596736,0.10188,0.086,0.28702,,,,1.47,11.221176,12.014304,1.1996832,105.61538,0.88,0.629
34,TRGP,Targa Resources Corp.,Energy,288.49,61861203968,0.70839995,0.042,0.13545,65837500,515.794,0.771,1.25,23.955332,27.580305,16.917257,325.9524,1.76,0.796
33,CPT,Camden Property Trust,Real Estate,96.76,11198284800,0.07885,-0.008,0.20622,139679632,125.648,0.352,9.17,88.770645,31.933994,2.6097043,115.42045,4.43,0.806
33,CRL,"Charles River Laboratories International, Inc.",Healthcare,298.0,14353982464,-0.07516,-0.027,-0.05963,468856000,105.047,1.348,0.12,23.325422,,5.0087404,310.53333,0.0,1.404
33,EWBC,"East West Bancorp, Inc.",Financial Services,126.25,17297745920,0.16577,0.163,0.50064,,,,5.58,10.951378,12.127762,1.8708415,149.125,2.56,0.975
33,HCA,"HCA Healthcare, Inc.",Healthcare,445.01,96345333760,,0.087,0.08768,3738125056,,0.993,1.34,13.903825,14.918203,-14.60342,459.27274,0.71,1.11
33,PPL,PPL Corporation,Utilities,34.1,25661777920,0.086330004,0.042,0.13471,-1938375040,135.434,0.905,1.24,16.091358,20.177513,1.7052557,40.125,3.36,0.577
33,SR,Spire Inc.,Utilities,77.99,4610207744,0.081099994,0.192,0.20559,-319812512,202.612,0.37,2.5,14.215253,22.605797,1.2865815,91.4,4.24,0.54
33,SWX,"Southwest Gas Holdings, Inc.",Utilities,83.51,6049953792,0.06832,-0.096,0.31398,-390807360,85.082,1.116,1.86,16.704004,20.8775,1.4665028,100.5,3.13,0.562
32,CBSH,"Commerce Bancshares, Inc.",Financial Services,54.61,7832830976,0.14694001,0.142,0.3164,,,,2.06,11.883209,13.384805,1.8064836,65.55556,2.04,0.591
32,DBX,"Dropbox, Inc.",Technology,34.14,7423491072,,0.009,0.17491,783075008,,1.074,25.61,10.334086,18.86188,-3.4277108,31.8,0.0,0.631
32,DELL,Dell Technologies Inc.,Technology,574.55,365306183680,,0.577,0.07525,6033375232,,0.962,0.58,19.73237,33.404068,-257.64572,585.96,0.44,1.442
32,FFIN,"First Financial Bankshares, Inc.",Financial Services,31.43,4504783360,0.14408,0.098,0.42218,,,,2.55,14.550925,16.807487,2.2409983,36.28571,2.8,0.834
32,FERG,Ferguson Enterprises Inc.,Industrials,216.73,41927008256,,0.046,0.063200004,,111.063,1.729,1.34,17.026287,21.331694,6.761402,284.5,1.66,1.121
32,FDXF,"FedEx Freight Holding Company, Inc.",Industrials,115.65,17291771904,0.69093,0.048,0.07447,-511124992,,1.517,,22.45631,26.40411,-34.79242,147.57143,0.0,
32,HLT,Hilton Worldwide Holdings Inc.,Consumer Cyclical,323.29,72761237504,,0.025,0.31034002,1393874944,,0.649,1.33,30.92193,47.403225,-11.576253,353.0,0.19,1.105
32,IBOC,International Bancshares Corporation,Financial Services,68.4,4253899520,0.1292,-0.0,0.4934,,,,0.98,,10.316742,1.2602255,87.0,2.14,0.696
32,LPX,Louisiana-Pacific Corporation,Industrials,65.06,4549216768,0.03098,-0.121,0.02187,-96000000,21.617,3.221,3.68,21.974903,84.49351,2.6113832,91.78571,1.85,1.619
31,ALK,"Alaska Air Group, Inc.",Industrials,39.52,4410555392,-0.04598,0.097,-0.011849999,-23750000,207.52,0.547,1.2,12.612659,,1.2013984,55.3125,0.0,1.33
31,CFR,"Cullen/Frost Bankers, Inc.",Financial Services,152.36,9468988416,0.15498,0.061,0.30192,,,,2.82,12.739375,14.400756,2.114936,173.0,2.74,0.548
31,ETR,Entergy Corporation,Utilities,102.49,48967413760,0.10248999,0.059,0.13329001,-4400858112,186.77,0.912,1.58,20.078754,26.212275,2.6235762,122.275,2.49,0.448
31,FE,FirstEnergy Corp.,Utilities,44.85,25952000000,0.09491,0.088,0.06939,-2014625024,200.908,0.541,1.48,15.214478,23.983957,2.0063522,52.66667,4.17,0.418
31,GEF,"Greif, Inc.",Consumer Cyclical,81.88,4654727168,,0.035,0.24743,,39.41,1.289,0.77,17.171629,37.04977,1.5510219,88.2,2.87,0.788
31,GIS,"General Mills, Inc.",Consumer Defensive,32.59,17425453056,-0.104949996,-0.028,-0.04891,1302612480,182.422,0.704,11.74,10.335138,,2.3388834,37.0,7.68,0.02
31,HWC,Hancock Whitney Corporation,Financial Services,72.71,5833018368,0.097040005,0.076,0.30262,,,,1.76,9.924748,14.228962,1.3165661,84.525,2.79,0.989
31,LYV,"Live Nation Entertainment, Inc.",Communication Services,171.34,39915282432,0.17677,0.094,0.00513,1695030656,620.214,0.852,4.46,87.81713,,479.94397,201.95833,0.0,1.171
31,MO,"Altria Group, Inc.",Consumer Defensive,71.42,119253106688,,0.012,0.38999,9033374720,,0.518,2.66,12.176368,15.0357895,-44.693363,70.0,6.4,0.461
31,MOS,The Mosaic Company,Basic Materials,19.73,6272080896,-0.05073,-0.06,-0.05213,-746275008,52.249,1.337,2.02,12.513715,,0.5471133,26.66111,4.41,0.918
31,MRNA,"Moderna, Inc.",Healthcare,197.0,78649475072,-0.38998002,0.021,-1.41427,299249984,19.036,2.295,,-44.26857,,11.625849,121.0,0.0,1.095
31,MTN,"Vail Resorts, Inc.",Consumer Cyclical,146.09,5205960192,0.26042,0.025,0.05198,190187632,612.185,0.799,3.33,22.048624,35.458736,21.642962,143.84615,6.14,0.768
31,OGS,"ONE Gas, Inc.",Utilities,72.36,4548279808,0.085760005,-0.029,0.124689996,-219928128,95.903,0.481,,14.374255,15.56129,1.2843906,86.16667,3.74,0.631
31,PM,Philip Morris International Inc.,Consumer Defensive,200.5,312501993472,,0.104,0.25559,9714374656,,0.98,2.31,21.827288,28.80747,-36.408207,208.13333,3.32,0.36
31,POR,Portland General Electric Company,Utilities,45.35,5333511168,0.06445,0.009,0.07272,-415750016,136.163,0.977,1.55,12.637064,20.066372,1.2732683,52.09091,4.92,0.51
30,AEP,"American Electric Power Company, Inc.",Utilities,122.32,66590687232,0.10130999,0.07,0.13781999,-5995950080,160.789,0.504,2.22,17.83912,21.199306,2.0757182,142.525,3.11,0.469
30,AVTR,"Avantor, Inc.",Healthcare,15.39,10409162752,-0.09701,0.005,-0.08809,450337504,65.678,1.782,,17.54186,,1.849093,14.85,0.0,0.935
30,D,"Dominion Energy, Inc.",Utilities,61.75,54310727680,0.08281,0.176,0.13984999,-9181124608,160.459,0.809,2.39,16.189375,21.366781,1.9454947,71.91667,4.34,0.619
30,H,Hyatt Hotels Corporation,Consumer Cyclical,159.43,15024161792,0.02157,-0.066,0.02333,170250000,124.421,0.62,1.09,32.706676,196.82715,4.546699,196.875,0.38,1.398
30,LNT,Alliant Energy Corporation,Utilities,65.5,16983148544,0.11135,0.01,0.18447,-1138625024,160.951,0.466,2.01,17.764011,20.727848,2.255665,77.375,3.28,0.515
30,NNN,"NNN REIT, Inc.",Real Estate,40.27,7661294080,0.08719,0.077,0.40353,-1371816320,112.118,0.18,4.79,19.2226,19.935644,1.7327138,47.25,6.22,0.761
30,OGE,OGE Energy Corp.,Utilities,46.11,9525463040,0.09703,-0.04,0.14435,126750000,117.305,0.767,3.06,17.68374,20.312777,1.9122465,49.58333,3.74,0.487
30,OLN,Olin Corporation,Basic Materials,15.61,1779266560,-0.10585,-0.009,-0.02937,311800000,199.059,1.418,7.05,26.12596,,1.039627,20.2,5.03,1.226
30,ORLY,"O'Reilly Automotive, Inc.",Consumer Cyclical,86.01,69578719232,,0.081,0.1427,1570733824,,0.752,2.08,23.559092,27.304762,-38.243664,107.34615,0.0,0.542
29,AEE,Ameren Corporation,Utilities,101.84,28193716224,0.11943,-0.062,0.18583,-1786249984,157.846,0.531,2.5,17.554775,17.929577,2.059579,117.875,2.96,0.451
29,AWK,"American Water Works Company, Inc.",Utilities,128.18,25473081344,0.10095,0.062,0.21347,-1785374976,137.745,0.523,2.26,19.522224,22.214903,2.1837199,141.45454,2.81,0.569
29,DTE,DTE Energy Company,Utilities,127.1,26447992832,0.1103,-0.015,0.07999,-2596624896,229.06,0.802,1.63,15.194951,20.142632,2.1769662,152.67857,3.66,0.375
29,EL,The Estée Lauder Companies Inc.,Consumer Defensive,94.32,34174285824,0.04745,0.063,0.01209,1812125056,242.932,1.222,2.12,24.016071,188.64,8.965779,107.34,1.48,1.265
29,IDA,"IDACORP, Inc.",Utilities,134.08,7755461120,0.094390005,0.042,0.18781,-1221291392,105.976,0.986,1.84,19.282541,22.235489,1.9932805,155.88889,2.67,0.477
29,UGI,UGI Corporation,Utilities,36.94,7923443712,0.13279,-0.045,0.09197,-236250000,134.987,1.439,48.82,11.472049,12.272425,1.5199143,43.25,4.09,0.951
28,DUK,Duke Energy Corporation,Utilities,116.84,91100405760,0.098570004,0.011,0.15995,-4477374976,162.155,0.661,2.15,16.292562,17.596386,1.6946596,136.11111,3.76,0.345
28,ED,"Consolidated Edison, Inc.",Utilities,105.99,39198138368,0.08962,0.132,0.12533,-844875008,110.113,1.268,2.07,16.306429,17.461285,1.5247946,109.34375,3.36,0.25
28,ORA,"Ormat Technologies, Inc.",Utilities,88.64,5451088896,0.04778,0.106,0.10656,-318099008,124.336,1.046,3.32,34.743343,43.45098,2.0985346,127.66667,0.53,0.9
28,SBUX,Starbucks Corporation,Consumer Cyclical,93.21,106259398656,,-0.014,0.05172,3065537536,,0.76,1.03,29.868011,53.878613,-13.843755,111.33333,2.65,0.975
28,SO,The Southern Company,Utilities,86.15,99103776768,0.114829995,0.001,0.15435,-3913374976,182.058,0.787,2.02,17.498745,20.759035,2.504506,98.13158,3.56,0.301
27,AZO,"AutoZone, Inc.",Consumer Cyclical,2910.54,47072165888,,0.056,0.1265,,,0.901,1.2,15.129813,19.079252,-18.810322,3719.9565,0.0,0.398
27,HPQ,HP Inc.,Technology,32.44,29254098944,,0.125,0.04143,3389874944,,0.788,3.44,10.3378935,12.38168,-318.0392,29.66471,3.72,1.19
27,NI,NiSource Inc.,Utilities,40.53,19436570624,0.085489996,0.046,0.13153,-1772999936,146.649,0.498,2.09,18.00469,21.55851,2.0297475,49.13333,2.96,0.548
27,UBSI,"United Bankshares, Inc.",Financial Services,45.7,6223121920,0.09474,0.062,0.41196,,,,1.95,11.818955,12.452316,1.1330391,50.33333,3.35,0.741
26,CAH,"Cardinal Health, Inc.",Healthcare,238.96,55333421056,,0.058,0.00674,4752500224,,0.883,1.16,16.999517,33.051178,-19.31302,270.33334,0.89,0.501
26,CMS,CMS Energy Corporation,Utilities,65.34,20489129984,0.09158,-0.005,0.11642,-2198874880,185.604,0.936,2.35,15.723739,19.62162,2.1456013,77.33333,3.5,0.314
26,CUZ,Cousins Properties Incorporated,Real Estate,27.72,4563461632,0.0015199999,0.116,0.00627,-25106624,84.208,0.524,1.31,69.299995,693.0,1.0176585,33.54545,4.65,1.175
25,F,Ford Motor Company,Consumer Cyclical,12.25,48848048128,-0.18252,-0.038,-0.03935,-7940250112,456.708,1.089,8.48,6.287662,,1.3674927,15.80778,4.95,1.939
25,FISV,"Fiserv, Inc.",,45.94,24429363200,,,,,,,,5.7345214,8.817658,0.90670455,59.28,,
25,IFF,International Flavors & Fragrances Inc.,Basic Materials,84.65,21598445568,-0.05548,0.018,0.02569,-1720999936,44.821,2.061,1.73,21.349468,83.81188,1.5463165,96.23529,1.9,0.928
25,MCK,McKesson Corporation,Healthcare,930.25,108458180608,,0.077,0.01117,6801249792,,0.893,1.71,18.434902,24.932993,-25.450045,980.6667,0.41,0.298
25,MTD,Mettler-Toledo International Inc.,Healthcare,1529.46,30645116928,,0.045,0.21907,693589632,16668.447,1.122,2.85,29.545128,34.47059,2389.7812,1494.0769,0.0,1.187
24,ARWR,"Arrowhead Pharmaceuticals, Inc.",Healthcare,60.74,8579796480,-0.55207,1.71,-0.4779,-48628124,295.984,5.899,,-12.317965,,18.417223,107.23077,0.0,1.303
23,PNW,Pinnacle West Capital Corporation,Utilities,97.98,11874905088,0.09365,0.071,0.11525,-929501376,233.288,0.594,3.74,17.540249,18.806143,1.6879425,102.92857,3.73,0.424
22,ROIV,Roivant Sciences Ltd.,Healthcare,34.21,24710670336,-0.08515,-0.335,0.0,-1127230080,2.177,16.721,,-19.915934,,5.8428693,48.08333,0.0,1.103
21,EVRG,"Evergy, Inc.",Utilities,80.52,18565267456,0.092539996,0.044,0.15192,-1443362560,160.554,0.359,2.07,17.638437,20.488548,1.8159674,91.36364,3.46,0.482
21,NWE,"NorthWestern Energy Group, Inc.",Utilities,74.63,4591076864,0.05935,0.146,0.10132,-242985632,124.221,0.826,2.92,18.848434,26.942238,1.5855782,72.75,3.62,0.321
20,BKH,Black Hills Corporation,Utilities,76.52,5834890240,0.07958,0.031,0.13008,-77750000,111.686,0.523,2.51,16.541288,19.274559,1.4797338,84.5,3.71,0.662
19,APD,"Air Products and Chemicals, Inc.",Basic Materials,278.38,61991198720,0.00023,0.046,-0.00375,-1497500032,110.091,1.085,2.0,19.278048,,4.4650106,342.5263,2.6,0.761
18,CYTK,"Cytokinetics, Incorporated",Healthcare,62.01,8620841984,,-0.571,0.0,-397408736,,6.661,,-13.952453,,-49.607998,109.95,0.0,0.408
18,EQH,"Equitable Holdings, Inc.",Financial Services,53.48,14587514880,-0.25131,-0.298,-0.08719,-8824250368,586.1,2.03,,5.967112,,-7.882093,62.81818,2.14,1.095
18,TXNM,"TXNM Energy, Inc.",Utilities,58.58,6451167232,0.06252,0.092,0.08768,-529223744,165.512,0.557,2.55,18.016966,33.666668,1.8301104,60.7,2.89,0.17
13,IRM,Iron Mountain Incorporated,Real Estate,112.97,33631488000,,0.185,0.055359997,-436093504,,0.726,2.7,41.428905,80.692856,-26.253777,145.09091,2.99,1.189
13,SLAB,Silicon Laboratories Inc.,Technology,221.75,7399078912,-0.03628,0.183,-0.045689996,-13706625,,5.407,3.12,50.846214,,6.7581983,222.85715,0.0,1.332
